model,genes_mentioned,celltypes_mentioned,likely_pool_construction,paragraph_excerpt
PMC10140328_CAF_BLCA,ANXA5;ECM1;FKBP10;GJA1;LRP1;RBP1;SERPINE2,CAF,False,"Combining scRNA-seq and bulk-seq data analysis yielded a total of 124 CAF-related genes. LRP1, ANXA5, SERPINE2, ECM1, RBP1, GJA1, and FKBP10 were the seven BLCA prognostic genes that remained after univariate Cox regression and LASSO regression analyses. Then, based on these genes, prognostic characteristics were created and validated to predict survival in BLCA patients. Additionally, risk signature had a strong correlation with known CAF scores, stromal scores, and certain immune cells. The CAF-risk signature was identified as an independent prognostic factor for BLCA using multifactorial analysis, and its usefulness in predicting immunotherapy response was confirmed. Based on risk classification, we projected six highly sensitive anticancer medicines for the high-risk group."
PMC10140328_CAF_BLCA,ANXA5;ECM1;FKBP10;LRP1;RBP1;SERPINE2,macrophage;fibroblast;cancer-associated fibroblast;endothelial;CD8;smooth muscle;stromal cell;M2,True,1 Chavan S Bray F Lortet-Tieulent J Goodman M Jemal A . International variations in bladder cancer incidence and mortality. Eur Urol (2014) 66:59–73. doi: 10.1016/j.eururo.2013.10.001 24451595 2 Xiang Z Ye Z Ma J Lin Y Zhou Y . Temporal trends and projections of bladder cancer burden in China from 1990 to 2030: Findings from the global burden of disease study. Clin Epidemiol (2022) 14:1305–15. doi: 10.2147/CLEP.S387289 PMC9648909 36387929 3 Li C Teixeira AF Zhu HJ Ten Dijke P . Cancer associated-fibroblast-derived exosomes in cancer progression. Mol Cancer (2021) 20:154. doi: 10.1186/s12943-021-01463-y 34852849 PMC8638446 4 Yoshida GJ Azuma A Miura Y Orimo A . Activated fibroblast program orchestrates tumor initiation and progression; molecular mechanisms and the associated therapeutic strategies. Int J Mol Sci (2019) 20(9):2256. doi: 10.3390/ijms20092256 31067787 PMC6539414 5 Mao X Xu J Wang W Liang C Hua J Liu J . Crosstalk between cancer-associated fibroblasts and immune cells in the tumor microenvironment: new findings and future perspectives. Mol Cancer (2021) 20(1):131. doi: 10.1186/s12943-021-01428-1 34635121 PMC8504100 6 Liu B Zhan Y Chen X Hu X Wu B Pan S . Weighted gene c
PMC10164321_pyroptosis_HCC,BAK1;NOD2,CAF,False,"The univariate Cox regression analyses were performed to screen PRGs with prognostic significance, and 13 PRGs that were associated with OS in the TCGA-LIHC cohort were identified (BAK1, BAX, CASP3, CHMP3, CHMP4B, GSDME, CASP6, CASP8, NLRP6, NOD1, NOD2, PLCG1, SCAF11) (p < 0.05) and details of them are depicted by the forest plot (Fig. 3A). All 13 PRGs, apart from NLRP6, were defined as risk genes with HRs > 1. Kaplan–Meier survival analysis of the PRGs screened out by univariate Cox analysis is shown in Supplementary Figure S1 (p < 0.05). The Lasso regression method was employed to prevent the model from overfitting, and eight genes were screened with the optimum penalty value (λ) selected by ten-fold cross-validation (Fig. 3B, C). Subsequently, according to the findings of multivariate Cox regression, four PRGs, including BAK1, GSDME, NLRP6, and NOD2, were incorporated into the PRGs prognostic signature and were determined as critical biomarkers and independent prognostic markers (Table 1; Fig. 3D). Each patient’s risk score was determined according to the coefficient of four PRGs in prognostic signature using the above-mentioned formula: the risk score = (0.028) * BAK1 + (0.124)"
PMC10414028_hypoxia_LUAD,SLC2A1;XPNPEP1,TAM,False,"This study integrated bioinformatics analysis and experimental validation to investigate the impact of hypoxia-related genes on immune mechanisms and clinical prognosis in lung adenocarcinoma. We used clustering methods to identify hypoxia-related subtypes and demonstrated significant differences in the immune microenvironment and immune cell composition among these subtypes using GSVA and ssGSEA methods. Subsequently, we constructed a prognostic model composed of 6 hypoxia-related genes using Cox regression and Lasso regression. The prognostic model effectively defined TAMs cell subgroups in the single-cell queue of lung adenocarcinoma and showed differences in enriched pathways and immune therapies between the risk groups. To further evaluate the impact of hypoxia-related genes on lung adenocarcinoma cells, we conducted RT-PCR and in vitro experiments, focusing on the expression of SLC2A1 and XPNPEP1 genes which promote the proliferation of lung adenocarcinoma cells. This study provides potential hypoxia-related prognostic markers for clinical treatment of lung adenocarcinoma and supports clinical researchers in conducting prognostic treatment."
PMC10414028_hypoxia_LUAD,PFKL;SLC2A1;STC1,fibroblast;cancer-associated fibroblast;CD4;Treg;B cell;tumor cell;TAM,False,"Abe et al. (2021) Abe K Kanehira M Ohkouchi S Kumata S Suzuki Y Oishi H Noda M Sakurada A Miyauchi E Fujiwara T Harigae H Okada Y 2021 Targeting stanniocalcin-1-expressing tumor cells elicits efficient antitumor effects in a mouse model of human lung cancer Cancer Medicine 10 9 3085 3100 10.1002/cam4.3852 33826244 PMC8085941 Aran, Hu & Butte (2017) Aran D Hu Z Butte AJ 2017 xCell: digitally portraying the tissue cellular heterogeneity landscape Genome Biology 18 1 220 10.1186/s13059-017-1349-1 29141660 PMC5688663 Barroso-Sousa et al. (2020) Barroso-Sousa R Jain E Cohen O Kim D Buendia-Buendia J Winer E Lin N Tolaney SM Wagle N 2020 Prevalence and mutational determinants of high tumor mutation burden in breast cancer Annals of Oncology 31 3 387 394 10.1016/j.annonc.2019.11.010 32067680 Ben-Shoshan et al. (2008) Ben-Shoshan J Maysel-Auslender S Mor A Keren G George J 2008 Hypoxia controls CD4+CD25+ regulatory T-cell homeostasis via hypoxia-inducible factor-1alpha European Journal of Immunology 38 9 2412 2418 10.1002/eji.200838318 18792019 Bischoff et al. (2021) Bischoff P Trinks A Obermayer B Pett JP Wiederspahn J Uhlitz F Liang X Lehmann A Jurmeister P Elsner A Dziodzio T Ruckert JC"
PMC10531437_lipid_ERstress_CRC,APOE;SPP1,macrophage;T cell;CD4;B cell;dendritic cell,False,"Furthermore, the immune cell infiltration was assessed based on the TCGA samples. The analysis revealed an increase in M0 macrophages and naive B cells, as well as a decrease in CD4+ memory T cells and dendritic cells within the high-risk group. This pattern suggests an overall trend toward immune suppression, potentially contributing to a poorer prognosis. Additionally, the high-risk group exhibited an elevated expression of immune-inhibitory factors and a decreasing trend in the expression of immune-stimulatory factors, providing further evidence of an immunosuppressive environment and poor immunotherapy response. ScRNA-seq analysis has indicated strong macrophage communication in the high-risk group. Meanwhile, a pivotal study highlights the significant role of activated endoplasmic reticulum stress and lipid metabolism in tumors for enhancing the polarization of macrophages in the TME, thereby promoting tumorigenic functionality [56,57]. This finding aligns with the elevated macrophage expression observed in the high-risk group in our research. Notably, the hub genes, SPP1 and APOE, are significantly enriched in macrophages. Elevated scores of cytokines and failure factors were"
PMC10531437_lipid_ERstress_CRC,CAV1;CPT2;GRP;GSTM1;PTGIS;TIMP1,macrophage;T cell;CD8;tumor cell;TAM,False,"1. Siegel R.L. Miller K.D. Jemal A. Cancer statistics, 2020 CA Cancer J. Clin. 2020 70 7 30 10.3322/caac.21590 31912902 2. Ciardiello F. Ciardiello D. Martini G. Napolitano S. Tabernero J. Cervantes A. Clinical management of metastatic colorectal cancer in the era of precision medicine CA Cancer J. Clin. 2022 72 372 401 10.3322/caac.21728 35472088 3. Andrei P. Battuello P. Grasso G. Rovera E. Tesio N. Bardelli A. Integrated approaches for precision oncology in colorectal cancer: The more you know, the better Semin. Cancer Biol. 2022 84 199 213 10.1016/j.semcancer.2021.04.007 33848627 4. Fan A. Wang B. Wang X. Nie Y. Fan D. Zhao X. Lu Y. Immunotherapy in colorectal cancer: Current achievements and future perspective Int. J. Biol. Sci. 2021 17 3837 3849 10.7150/ijbs.64077 34671202 PMC8495390 5. He S. Hu D. Feng H. Xue Y. Jin J. Wang X. Efficacy of immunotherapy with PD-1 inhibitor in colorectal cancer: A meta-analysis J. Comp. Eff. Res. 2020 9 1285 1292 10.2217/cer-2020-0040 33073605 6. Overman M.J. Lonardi S. Wong K.Y.M. Lenz H.J. Gelsomino F. Aglietta M. Morse M.A. Van Cutsem E. McDermott R. Hill A. Durable Clinical Benefit With Nivolumab Plus Ipilimumab in DNA Mismatch Repair-Defi"
PMC10791883_CAF_BRCA,MFAP4,CAF,False,"CAF-related genes (CAFRGs) and a risk signature based on these genes were comprehensively analyzed using publicly available bulk and single-cell transcriptomic datasets. Modular genes identified from bulk sequencing data were intersected with CAF marker genes identified from single-cell analysis to obtain reliable CAFRGs. Signature CAFRGs were screened via Cox regression and least absolute shrinkage and selection operator (LASSO) analyses. Multiple patient cohorts were used to validate the prognosis and therapeutic responsiveness of high-risk patients stratified based on the CAFRG-based signature. In addition, the relationship between the CAFRG-based signature and clinicopathological factors, tumor immune landscape, functional pathways, chemotherapy sensitivity and immunotherapy sensitivity was examined. External datasets were used and sample experiments were performed to examine the expression pattern of MFAP4, a key CAFRG, in BRCA."
PMC10791883_CAF_BRCA,C1S;CCDC8;COL12A1;CTSO;IGFBP6;MFAP4;NT5E;OSMR;PDLIM4;RUNX1;SAV1;SDC1;SGCE;TLN2,CAF,False,"Integrated analyses of single-cell and bulk transcriptomic data as well as prognostic screening revealed a total of 43 prognostic CAFRGs; of which, 14 genes (TLN2, SGCE, SDC1, SAV1, RUNX1, PDLIM4, OSMR, NT5E, MFAP4, IGFBP6, CTSO, COL12A1, CCDC8 and C1S) were identified as signature CAFRGs. The CAFRG-based risk signature exhibited favorable efficiency and accuracy in predicting survival outcomes and clinicopathological progression in multiple BRCA cohorts. Functional enrichment analysis suggested the involvement of the immune system, and the immune infiltration landscape significantly differed between the risk groups. Patients with high CAF-related risk scores (CAFRSs) exhibited tumor immunosuppression, enhanced cancer hallmarks and hyposensitivity to chemotherapy and immunotherapy. Five compounds were identified as promising therapeutic agents for high-CAFRS BRCA. External datasets and sample experiments validated the downregulation of MFAP4 and its strong correlation with CAFs in BRCA."
PMC10791883_CAF_BRCA,MFAP4,CAF;T cell,False,"To screen for CAFRGs with biological significance in BRCA, the expression of signature CAFRGs was compared between BRCA and normal tissue samples, and key CAFRGs were further identified via clinicopathological and proteomic analyses (33). Two independent scRNA-seq datasets (GSE176078 and GSE114727) from the TISCH2 database were used to verify the expression of key CAFRGs in different cell populations (19). To validate the expression of key CAFRGs at the protein level, publicly available immunohistochemical (IHC) images and proteomic data were obtained from the Human Protein Atlas (HPA) and Clinical Proteomic Tumor Analysis Consortium (CPTAC) databases, respectively (34). The KM Plotter was used to examine the role of key CAFRGs in prognosis in external BRCA cohorts (35). The Gene Expression Profiling Interactive Analysis (GEPIA) database and a transcriptomic dataset (GSE22820) including 176 primary BRCA tissue samples and 10 normal breast tissue samples were used to examine the expression of microfibrillar-associated protein 4 (MFAP4), a key CAFRG (36, 37). For dataset GSE22820, differential expression analysis was performed following the descriptions of previous studies, with thre"
PMC10791883_CAF_BRCA,C1S;COL12A1;IGFBP6;MFAP4;OSMR;TLN2,CAF,False,"To examine the role of signature CAFRGs in a multidimensional manner, their expression patterns were compared between BRCA and normal tissues and between patients with different tumor stages. Consequently, a total of 10 differentially expressed CAFRGs were selected for proteomic analysis ( Supplementary Figures 8A, B ). Because the expression of six CAFRGs (C1S, COL12A1, IGFBP6, MFAP4, OSMR and TLN2) was consistent at both mRNA and protein levels, they were identified as key genes for subsequent analysis ( Supplementary Figure 8C ). IHC analyses based on HPA data further validated the expression patterns of the six CAFRGs in tissue samples ( Supplementary Figures 9A, B ). In addition, survival analysis revealed that the 6 CAFRGs were robust indicators of prognosis in the external cohorts ( Supplementary Figures 9C, D ). In the single-cell dimension, the preferential expression of these six CAFRGs in CAFs was validated in two external scRNA-seq datasets ( Supplementary Figures 10A–C , 11A–C ). This gene signature also scored higher in CAFs, illustrating its reliability ( Supplementary Figures 10D , S11D ). Moreover, bulk transcriptomic analyses also revealed a strong positive correl"
PMC10791883_CAF_BRCA,MFAP4,CAF,False,"Altogether, we have proposed a new CAF-associated prognostic gene signature for breast cancer in this study; in terms of methodology, a novel approach of combining bulk sequencing with single-cell sequencing to screen genes was implemented; regarding the prognostic performance, the signature performed well in terms of survival prediction, clinicopathological relevance, and therapeutic responsiveness prediction; the key gene MFAP4 was screened, and its expression and prognostic features were characterized and validated using external datasets and experimental approaches. However, this study also has some shortcomings. The application value of this prognostic model needs to be explored in clinical practice. In addition, the biological functions of the CAFRGs identified in this study require more in-depth experiments for validation. Nevertheless, this study provides a theoretical and preliminary basis for the identification of novel CAFRGs that may facilitate the individualized assessment and management of patients with BRCA."
PMC10791883_CAF_BRCA,MFAP4,CAF;T cell,False,"Supplementary Figure 11 Validation of the expression profiles of six key CAFRGs in the external scRNA-seq dataset GSE114727. (A) Annotated cell types. (B, C) Differential expression of the six key CAFRGs in different cell types. (D, E) Distribution of CAFRSs in different cell types. (E) Correlation analysis between the key gene MFAP4 and classical CAF markers."
PMC10791883_CAF_BRCA,CCDC8;COL12A1;MFAP4;OSMR;PDLIM4;RUNX1;SGCE,fibroblast;cancer-associated fibroblast;T cell;CD4;stromal cell;TAM;M2,False,1 Sung H Ferlay J Siegel RL Laversanne M Soerjomataram I Jemal A . Global cancer statistics 2020: GLOBOCAN estimates of incidence and mortality worldwide for 36 cancers in 185 countries. CA Cancer J Clin (2021) 71(3):209–49. doi: 10.3322/caac.21660 33538338 2 Harbeck N Gnant M . Breast cancer. Lancet (2017) 389(10074):1134–50. doi: 10.1016/S0140-6736(16)31891-8 27865536 3 O’Donnell JS Teng MWL Smyth MJ . Cancer immunoediting and resistance to T cell-based immunotherapy. Nat Rev Clin Oncol (2019) 16(3):151–67. doi: 10.1038/s41571-018-0142-8 30523282 4 Szeto GL Finley SD . Integrative approaches to cancer immunotherapy. Trends Cancer (2019) 5(7):400–10. doi: 10.1016/j.trecan.2019.05.010 PMC7467854 31311655 5 Lin MJ Svensson-Arvelund J Lubitz GS Marabelle A Melero I Brown BD . Cancer vaccines: the next immunotherapy frontier. Nat Cancer (2022) 3(8):911–26. doi: 10.1038/s43018-022-00418-6 35999309 6 Nanda R Chow LQ Dees EC Berger R Gupta S Geva R . Pembrolizumab in patients with advanced triple-negative breast cancer: phase Ib KEYNOTE-012 study. J Clin Oncol (2016) 34(21):2460–7. doi: 10.1200/JCO.2015.64.8931 PMC6816000 27138582 7 Wein L Luen SJ Savas P Salgado R Loi S . Checkpoint blo
PMC10980369_ERstress_SKCM,AURKA;CD40LG;DIABLO;FASLG;GNLY;TNFRSF21;ZBP1,CD4,False,"Further, the 8 DEERGs identified were analyzed using LASSO. Seven ER stress genes were selected to construct the risk signature model: Z-DNA Binding Protein 1 (ZBP1), Diablo IAP-Binding Mitochondrial Protein (DIABLO), Granulysin (GNLY), Fas Ligand (FASLG), Aurora Kinase A (AURKA), TNF Receptor Superfamily Member 21 (TNFRSF21), and CD40 Ligand (CD40LG) (Table 1, Supplementary Figure 1, Supplementary Digital Content 3, http://links.lww.com/MD/H130). According to the median risk scores, the patients in TCGA (Fig. 3A and B) and GEO (Fig. 3C and D) cohorts were divided into high- and low-risk groups. The different directions distributed in the 2 groups were found in both TCGA (Fig. 3E and F) and GEO (Fig. 3G and H) cohorts during the PCA and t-SNE."
PMC11178724_cuproptosis_methylation_SKCM,ACO1;AOC1,tumor cell,False,"1. Sung H Global cancer statistics 2020: GLOBOCAN estimates of incidence and mortality worldwide for 36 cancers in 185 countries CA Cancer J Clin 2021 71 3 209 249 10.3322/caac.21660 33538338 2. Pasquali S Systemic treatments for metastatic cutaneous melanoma Cochrane Database Syst Rev 2018 2 2 CD011123 29405038 10.1002/14651858.CD011123.pub2 PMC6491081 3. Mishra H Melanoma treatment: from conventional to nanotechnology J Cancer Res Clin Oncol 2018 144 12 2283 2302 10.1007/s00432-018-2726-1 30094536 PMC11813321 4. Allais BS Five-year survival in patients with nodular and superficial spreading melanomas in the US population J Am Acad Dermatol 2021 84 4 1015 1022 10.1016/j.jaad.2020.11.047 33253834 5. Bommareddy PK, et al. Intratumoral approaches for the treatment of melanoma. Cancer J (Sudbury, Mass.). 2017;23(1):40–7.10.1097/PPO.0000000000000234 28114253 6. Fares CM Mechanisms of resistance to immune checkpoint blockade: why does checkpoint inhibitor immunotherapy not work for all patients? Am Soc Clin Oncol Educ Book 2019 39 147 164 10.1200/EDBK_240837 31099674 7. Schoenfeld AJ Hellmann MD Acquired resistance to immune checkpoint inhibitors Cancer Cell 2020 37 4 443 455 10.1016/j."
PMC11297001_oxidative_stress_COAD,CYP19A1,fibroblast;stromal cell,False,"1. Siegel RL, Miller KD, Fuchs HE, Jemal A. Cancer Statistics, 2021. CA: A Cancer J Clin. 2021;71(1):7–33.10.3322/caac.21654 33433946 2. Ferlay J Colombet M Soerjomataram I Mathers C Parkin DM Piñeros M Znaor A Bray F Estimating the global cancer incidence and mortality in 2018: GLOBOCAN sources and methods Int J Cancer 2019 144 8 1941 1953 10.1002/ijc.31937 30350310 Ferlay J, Colombet M, Soerjomataram I, Mathers C, Parkin DM, Piñeros M, Znaor A, Bray F. Estimating the global cancer incidence and mortality in 2018: GLOBOCAN sources and methods. Int J Cancer. 2019;144(8):1941–53.30350310 10.1002/ijc.31937 3. Yang Y Gao Z Huang A Shi J Sun Z Hong H Gu J Epidemiology and early screening strategies for colorectal cancer in China Chin J Cancer Res 2023 35 6 606 617 10.21147/j.issn.1000-9604.2023.06.05 38204448 PMC10774140 Yang Y, Gao Z, Huang A, Shi J, Sun Z, Hong H, Gu J. Epidemiology and early screening strategies for colorectal cancer in China. Chin J Cancer Res. 2023;35(6):606–17.38204448 10.21147/j.issn.1000-9604.2023.06.05 PMC10774140 4. Huang Y He L Li Z Chen X Han C Zhao K Zhang Y Qu J Mao Y Liang C Coupling radiomics analysis of CT image with diversification of tumor ecosystem:"
PMC11382408_cuproptosis_HCC,MYC;NDRG2;SOX4;TM4SF1,macrophage;fibroblast;cancer-associated fibroblast;endothelial;T cell;CD8;CD4;B cell;neutrophil;tumor cell;TAM;M2,False,"1. Llovet JM Kelley RK Villanueva A Singal AG Pikarsky E Roayaie S Lencioni R Koike K Zucman-Rossi J Finn RS Hepatocellular carcinoma Nat Rev Dis Primers 2021 7 1 6 10.1038/s41572-020-00240-3 33479224 Llovet JM, Kelley RK, Villanueva A, Singal AG, Pikarsky E, Roayaie S, Lencioni R, Koike K, Zucman-Rossi J, Finn RS. Hepatocellular carcinoma. Nat Rev Dis Primers. 2021;7(1):6.33479224 10.1038/s41572-020-00240-3 2. Vogel A Meyer T Sapisochin G Salem R Saborowski A Hepatocellular carcinoma Lancet 2022 400 10360 1345 62 10.1016/S0140-6736(22)01200-4 36084663 Vogel A, Meyer T, Sapisochin G, Salem R, Saborowski A. Hepatocellular carcinoma. Lancet. 2022;400(10360):1345–62.36084663 10.1016/S0140-6736(22)01200-4 3. Nagtegaal ID Odze RD Klimstra D Paradis V Rugge M Schirmacher P Washington KM Carneiro F Cree IA Board WHOCTE The 2019 WHO classification of tumours of the digestive system Histopathology 2020 76 2 182 8 10.1111/his.13975 31433515 PMC7003895 Nagtegaal ID, Odze RD, Klimstra D, Paradis V, Rugge M, Schirmacher P, Washington KM, Carneiro F, Cree IA, Board WHOCTE. The 2019 WHO classification of tumours of the digestive system. Histopathology. 2020;76(2):182–8.31433515 10.1111/his.13975 "
PMC11504279_hypoxia_PAAD,CA9;PLAU;SLC2A1,macrophage;fibroblast;T cell;B cell;malignant cell,False,"Through in-depth analysis of sc-RNA data (GSA: CRA001160) (Figure 7A), we found high expression of major components of the tumor immune microenvironment, including macrophages, fibroblasts, B cells, and T cells, in pancreatic cancer tissue (Figure 7B). Analysis of the expression of key hypoxic genes in the predictive model indicated their widespread distribution not only in malignant cells, such as Ductal cell type 2, but also in constituent cells of the immune microenvironment (Figure 7C). Specifically, CA9 was predominantly expressed in Fibroblast cells (Figure 7D), PLAU was primarily expressed in Fibroblast and Macrophage cells (Figure 7E), and SLC2A1 exhibited high expression in Fibroblast cell, Macrophage cell, T cell, and B cell (Figure 7F). Additionally, close cellular communication was observed between Fibroblast cells and malignant Ductal cell type 2 in the immune microenvironment of pancreatic cancer (Figure 7G), with PLAU playing an important role (Supplementary file 5:table S5)."
PMC11504279_hypoxia_PAAD,CA9;PLAU;SLC2A1,T cell;malignant cell,False,"Figure 7. Distribution of hypoxic-related genes in the immune microenvironment of pancreatic cancer, A GSA: cell scatter diagram of CRA001160. B Distribution of cell clusters in GSA: CRA001160 in tumor tissue and normal tissue. C Distribution of CA9 in cell clusters. D Distribution of PLAU in cell clusters. E Distribution of SLC2A1 in cell clusters. F Expression of CA9 in cell clusters. G Expression of PLAU in cell clusters. H Expression of SLC2A1 in cell clusters. I Single-cell RNA dataset GSA: CRA001160 Components of the pancreatic cancer immune microenvironment in CRA001160 and cellular communication in pancreatic cancer malignant cells."
PMC11504279_hypoxia_PAAD,CA9;PLAU,macrophage;fibroblast;cancer-associated fibroblast;T cell;CD8;Treg;NK cell;natural killer,False,"1 Atay S . Integrated transcriptome meta-analysis of pancreatic ductal adenocarcinoma and matched adjacent pancreatic tissues. PeerJ. 2020;8(2167-8359):e10141.10.7717/peerj.10141 PMC7597628 33194391 2 Bear AS Vonderheide RH O'Hara MH . Challenges and opportunities for pancreatic cancer immunotherapy. Cancer Cell. 2020;38(6):788-802.32946773 10.1016/j.ccell.2020.08.004 PMC7738380 3 Biancur DE Kapner KS Yamamoto K , et al. Functional genomics identifies metabolic vulnerabilities in pancreatic cancer. Cell Metab. 2021;33(1):199-210.e8.33152323 10.1016/j.cmet.2020.10.018 PMC7790858 4 Chang JC Kundranda M . Novel diagnostic and predictive biomarkers in pancreatic adenocarcinoma. Int J Mol Sci. 2017;18(3):E667. doi:10.3390/ijms18030667 PMC5372679 28335509 5 Chiorean EG Coveler AL . Pancreatic cancer: Optimizing treatment options, new, and emerging targeted therapies. Drug Des Devel Ther. 2015;9(1177-8881):3529-3545. doi:10.2147/DDDT.S60328 PMC4500614 26185420 6 Feig C Gopinathan A Neesse A Chan DS Cook N Tuveson DA . The pancreas cancer microenvironment. Clin Cancer Res. 2012;18(16):4266-4276.22896693 10.1158/1078-0432.CCR-11-3114 PMC3442232 7 Chen D Huang H Zang L Gao W Zhu H Yu X . Dev"
PMC11866598_telomere_HCC,ASF1A,macrophage;T cell;B cell,False,"The preprocessed single-cell sequencing data was further used to assess the distinctions between hepatocellular carcinoma and normal samples. PCA with a resolution of 0.1 was initially employed for dimensionality reduction (Supplementary Fig. 4), generating 9 cellular subclusters (Fig. 3A). Subsequently, the cell subpopulations were annotated based on the known marker genes (Fig. 3B). The heatmap showed that these subpopulations were in NKT cells, liver cells, hematopoietic stem/progenitor cell-like cells, macrophages, and B lymphocytes (Fig. 3C). Utilizing the UMAP algorithm, we conducted dimensionality reduction analysis on the TRGs of individual cells post-scoring to ascertain their distribution across various cell types. Our findings revealed the elevated TRG scores in three specific cell types: B cells, macrophages, and NKT cells (Fig. 3D). Ultimately, an examination was conducted on the expression of 18 pivotal TRGs across various cell types. As indicated by the Fig. 3E, ASF1A exhibited predominantly elevated expression in NKT cells, while demonstrating diminished expression in Hepatocytes.Fig. 3 Single-cell RNA sequencing analysis of HCC. A Examination of single-cell RNA seq"
PMC11866598_telomere_HCC,ASF1A;RUVBL1;SLC7A11;TCOF1,T cell,False,"Fig. 4 The investigation into the differentiation pathway of NKT cells. A NKT cells have been clustered into 5 subpopulations in the UMAP plot. B NKT cells undergo differentiation into five unique temporal cell population states. C A scatter plot of different state distribution in two dimensions. D Graph of Pseudo-Time Trajectories. E The temporal changes in the expression levels of RUVBL1, SLC7A11, TCOF1, and ASF1A, along with the two-dimensional scatter plot depicting pseudotime trajectories"
PMC11866598_telomere_HCC,ASF1A;RUVBL1;SLC7A11;TCOF1,T cell,False,"To investigate the relationship between 18 TRGs and NKT cells, we conducted a separate dimensionality reduction analysis on NKT cells and processed them at a resolution of 0.1 (Supplementary Fig. 5). Through pseudotime trajectory analysis, we have identified that NKT cells can be categorized into 5 distinct temporal state cell clusters (Fig. 4A-B). Based on the findings presented in Fig. 4C-D, within these 5 differentiating temporal state cell clusters, 4 were situated in an early differentiation stage (specifically states 1, 2, 3, and 5), while one was positioned in a late differentiation stage (state 4). Following this, an analysis was conducted on the expression of 18 TRGs at various stages of NKT cell differentiation. The findings indicated that RUVBL1, SLC7A11, and TCOF1 genes exhibited high levels of expression during the terminal differentiation stage (Fig. 4E-G), while other genes like ASF1A were predominantly expressed during the early stages of NKT cell differentiation (Fig. 4H)."
PMC11866598_telomere_HCC,PPM1G;SMG5;TALDO1,T cell,False,"We conducted single-cell sequencing data analysis of 18 TRGs in HCC, and subsequently investigated the expression of these 18 key genes in HCC using ST data. In the ST data of HCC, we observed the comprehensive gene expression profile (Fig. 5A). Following the exclusion of ribosomal and mitochondrial genes, we applied the SCTransform method for data standardization. Subsequently, we further elucidated the dimensionality reduction fractions through PCA (Supplementary Fig. 6) and elbow plot (Supplementary Fig. 7) analysis. This approach facilitated dimensionality reduction clustering, leading to the identification of 9 distinct cell subpopulations (Fig. 5B-C). Following this, FindMarkers was employed to identify 9 genes with spatial variability, and their expression levels on the tissue section are illustrated in Fig. 5D. Additionally, the expression patterns of 18 TRGs in the ST dataset are shown in Fig. 6E-F. The violin plot provides a clear depiction of the spatial transcriptome expression patterns for these 18 genes across different regions. It is evident from the plot that PPM1G, SMG5, and TALDO1 exhibited the highest levels of expression (Fig. 5G-H).Fig. 5 Assessment of the expr"
PMC11866598_telomere_HCC,ASF1A,macrophage;T cell;B cell,False,"To further investigate the relationship between 18 TRGS and the TME in HCC, we used SPOTlight to perform inverse convolution on single-cell data to infer the main distribution of five TME cell types at various spatial locations. The expression profile of five types of TME cells was depicted in Supplementary Fig. 8A. The heatmap of correlations showed a strong positive relationship between macrophages and hepatocytes and between NKT cells and macrophages. Conversely, B cells correlated negatively with HPC-like cells (Supplementary Fig. 8B). Supplementary Fig. 8C vividly illustrated the proportion relationship between different cell types, from which we can observe that the proportion of Hepatocytes to B cells, HPC-like cells, macrophages, and NKT cells was relatively limited. Furthermore, the network graph analyzed the interconnections between the five TME cells (Supplementary Fig. 8D). Ultimately, we conducted a visual analysis of the expression of TME cells on the ST (Supplementary Fig. 8E). By comparing the spatial distribution of 18 TRGs and 5 TME markers on ST, it was observed that ASF1A exhibits predominant expression in HPC-like cells."
PMC11866598_telomere_HCC,ASF1A,T cell,False,"Supplementary Material 1: Supplementary Figure 1. Flowchart of this study. Supplementary Figure 2. Univariate and multifactorial analysis in the test group. A: Forest plot displays the results of univariate Cox regression analysis conducted in the GSE76427 cohort. B: Forest plot presents findings from multivariate Cox regression analysis carried out in the GSE76427 cohort. Supplementary Figure 3. Visual Nomogram for predicting prognosis of patients with HCC. A: Visual Nomogram containing independent prognostic factors (gender, age, stage, and RS) was constructed. B: The calibration curves for the 1-, 3-, and 5-year nomogram are presented. Supplementary Figure 4. Principal Component Analysis (PCA) for Dimensionality Reduction in HCC and Normal Samples. Supplementary Figure 5. Dimensionality Reduction Analysis of NKT Cells in HCC. Supplementary Figure 6. Conduct dimensionality reduction analysis on the spatial transcriptomics (ST) data for HCC. Supplementary Figure 7. Visualization Elbow Plot after Dimensionality Reduction. Supplementary Figure 8. Exploring the relationship between TRGs and the TME in HCC. A: The scatter plot illustrates the distribution of weights across various cel"
PMC11914417_disulfidptosis_CRC,CCL11;CXCL10;INHBB;SCG2;VSIG4,macrophage;fibroblast;cancer-associated fibroblast;T cell;B cell;M2,False,"1. Biller LH Schrag D Diagnosis and treatment of metastatic colorectal cancer: a review JAMA 2021 325 669 685 10.1001/jama.2021.0106 33591350 Biller LH, Schrag D. Diagnosis and treatment of metastatic colorectal cancer: a review. JAMA. 2021;325:669–85.33591350 10.1001/jama.2021.0106 2. Li J Ma X Chakravarti D Shalapour S DePinho RA Genetic and biological hallmarks of colorectal cancer Genes Dev 2021 35 787 820 10.1101/gad.348226.120 34074695 PMC8168558 Li J, Ma X, Chakravarti D, Shalapour S, DePinho RA. Genetic and biological hallmarks of colorectal cancer. Genes Dev. 2021;35:787–820.34074695 10.1101/gad.348226.120 PMC8168558 3. Expert Group on Early Diagnosis and Treatment of Cancer, Chinese Society of Oncology, Chinese Medical Association Expert consensus on the early diagnosis and treatment of colorectal cancer in China (2023 edition) Chin Arch Gener Surg (Electronic Edition) 2024 18 1 13 Expert Group on Early Diagnosis and Treatment of Cancer, Chinese Society of Oncology, Chinese Medical Association. Expert consensus on the early diagnosis and treatment of colorectal cancer in China (2023 edition). Chin Arch Gener Surg (Electronic Edition). 2024;18:1–13. 4. Kahi CJ Boland CR Do"
PMC12047218_glycolysis_OS,CHPF;RRAGD;TPR;VCAN,macrophage;fibroblast;endothelial;T cell;CD8;CD4;malignant cell,False,"We investigated the expression patterns of the developed GRG risk signature within the TME of OS at the single-cell level using the TISCH database. Twenty-eight diverse cell subsets were identified and categorized into eight distinct subsets based on literature reviews. These subsets comprised CD4Tconv, CD8Tex, endothelial cells, fibroblasts, malignant cells, mono/macrophages, osteoblasts, and plasmocytes, as shown in Figs. 8A, 8B. Significant differences were observed in the distribution of GRGs among identified cell subsets. In Figs. 8C–8F, the expression levels of CHPF, RRAGD, and VCAN were uniformly distributed across diverse cell types, including CD4Tconv, CD8Tex, endothelial cells, fibroblasts, malignant cells, mono/macrophages, osteoblasts, and plasmocytes. Conversely, TPR expression exhibited high variability among the aforementioned immune cell types, providing evidence of substantially elevated expression of the developed GRG risk signature within specific OS cellular populations."
PMC12047218_glycolysis_OS,CHPF;RRAGD;TPR;VCAN,tumor cell,False,"In conclusion, patients with OS were categorized into two molecular subtypes based on the GRGs expression matrix, with notable distinctions observed in the TME and immune cell infiltration between these subtypes. DEGs were screened out between the two molecular subtypes, and a GRGs risk signature of OS consisting of four genes (CHPF, RRAGD, TPR, and VCAN) was constructed. Furthermore, the robustness of this risk signature was validated in an independent cohort and corroborated at the cellular level using external dataset verification, scRNA-seq analysis, and RT-qPCR experiments. Collectively, these findings indicate that CHPF, RRAGD, TPR, and VCAN may be valuable for evaluating the prognosis and facilitating the clinical application of these biomarkers in the prognosis of OS. We propose a hypothesis that within the tumor microenvironment, glucose-related genes (GRGs) modulate the glycolytic process of tumor cells, thereby influencing the infiltration and function of immune cells, and consequently participating in immune evasion and drug response."
PMC12047218_glycolysis_OS,CHPF;RRAGD;TPR;VCAN,macrophage;CAF;tumor cell;TAM,False,"Allen et al. (2021) Allen TA Cullen MM Hawkey N Mochizuki H Nguyen L Schechter E Borst L Yoder JA Freedman JA Patierno SR Cheng K Eward WC Somarelli JA 2021 A zebrafish model of metastatic colonization pinpoints cellular mechanisms of circulating tumor cell extravasation Frontiers in Oncology 11 641187 10.3389/fonc.2021.641187 34631514 PMC8495265 Bielack et al. (2009) Bielack S Carrle D Casali PG ESMO Guidelines Working Group 2009 Osteosarcoma: ESMO clinical recommendations for diagnosis, treatment and follow-up Annals of Oncology 20 Suppl 4 137 139 10.1093/annonc/mdp154 19454435 Bonzi et al. (2015) Bonzi G Salmaso S Scomparin A Eldar-Boock A Satchi-Fainaro R Caliceti P 2015 Novel pullulan bioconjugate for selective breast cancer bone metastases treatment Bioconjugate Chemistry 26 489 501 10.1021/bc500614b 25613006 Castillo et al. (2014) Castillo P Cetina AF Méndez-Tenorio A Espinoza-Fonseca LM Barrón BL 2014 Papillomavirus binding factor (PBF) is an intrinsically disordered protein with potential participation in osteosarcoma genesis, in silico evidence Theoretical Biology and Medical Modelling 11 51 10.1186/1742-4682-11-51 25471943 PMC4265421 Chen et al. (2018) Chen Y Lee C-H Tse"
PMC12084325_disulfidptosis_lncRNA_AML,L3MBTL4-AS1;LINC01694;THAP9-AS1,myeloid,False,"============================== Acute myeloid leukemia (AML), the most prevalent acute leukemia in adults, is characterized by its heterogeneity, which contributes to a poor prognosis and high recurrence rate. Recently, a unique form of cell death, called disulfidptosis, has been identified, which could transforming our understanding of and strategy for cancer treatment. Consequently, further inquiry is necessary to explore the possible link between disulfidptosis and AML. To facilitate this analysis, the researchers obtained single-cell RNA sequencing (scRNA-seq) data from AML patients using the Gene Expression Omnibus (GEO) database. By applying the Cox proportional hazards model and least absolute shrinkage and selection operator (LASSO) regression analysis, we created a signature of disulfidptosis-related long non-coding RNAs (DRLs). This predictive model was established based on six specific DRLs (AC005076.1, AP002807.1, HDAC4-AS1, L3MBTL4-AS1, LINC01694, and THAP9-AS1). The utility of this model in forecasting the prognosis of AML patients was corroborated by the receiver operating characteristic (ROC) curve. Moreover, significant variations in the biological functions and s"
PMC12084325_disulfidptosis_lncRNA_AML,LINC01694;THAP9-AS1,macrophage;T cell;CD4;Treg;B cell;monocyte;myeloid;tumor cell;M2,False,"1. SEER. Acute Myeloid Leukemia—Cancer Stat Facts. Available from: https://seer.cancer.gov/statfacts/html/amyl.html 2. Carter BZ Targeting MCL-1 dysregulates cell metabolism and leukemia-stroma interactions and resensitizes acute myeloid leukemia to BCL-2 Inhibition Haematologica 2022 107 1 58 76 10.3324/haematol.2020.260331 33353284 PMC8719086 Carter, B. Z. et al. Targeting MCL-1 dysregulates cell metabolism and leukemia-stroma interactions and resensitizes acute myeloid leukemia to BCL-2 Inhibition. Haematologica 107(1), 58–76 (2022).33353284 10.3324/haematol.2020.260331 PMC8719086 3. Janssen M Venetoclax synergizes with gilteritinib in FLT3 wild-type high-risk acute myeloid leukemia by suppressing MCL-1 Blood 2022 140 24 2594 2610 10.1182/blood.2021014241 35857899 Janssen, M. et al. Venetoclax synergizes with gilteritinib in FLT3 wild-type high-risk acute myeloid leukemia by suppressing MCL-1. Blood 140(24), 2594–2610 (2022).35857899 10.1182/blood.2021014241 4. Shallis RM Bewersdorf JP Boddu PC Zeidan AM Hedgehog pathway inhibition as a therapeutic target in acute myeloid leukemia Expert Rev. Anticancer Ther. 2019 19 8 717 729 10.1080/14737140.2019.1652095 31422721 Shallis, R. M"
PMC12210501_ferroptosis_LUAD,PLEK2;PPP1R14B;RHOV,macrophage;endothelial;T cell;B cell;natural killer;dendritic cell;monocyte;smooth muscle;epithelial cell,False,"The expression of 4 genes in the DRGs prognostic model of LUAD in the GSE189357 dataset were analyzed. After unsupervised clustering and annotation, these 4 genes were located on the UMAP map of the GSE189357 dataset. It contains 9 major cell types, namely T cells, natural killer (NK) cells, B cells, monocytes, epithelial cells, macrophages, endothelial cells, dendritic cells, and smooth muscle cells (Fig. 6A). The expression of each gene in each cell population can be observed through Fig. 6B-I. PPP1R14B is mainly expressed in monocytes, macrophages, and endothelial cells, PLEK2 is mainly expressed in monocytes, and RHOV is mainly expressed in endothelial cells."
PMC12210501_ferroptosis_LUAD,C1QTNF6;PLEK2,macrophage;CAF;T cell;NK cell,False,"1. Chen P Quan Z Song X Gao Z Yuan K MDFI is a novel biomarker for poor prognosis in LUAD Front Oncol 2022 12 1005962 10.3389/fonc.2022.1005962 36300089 PMC9589366 Chen P, Quan Z, Song X, Gao Z, Yuan K. MDFI is a novel biomarker for poor prognosis in LUAD. Front Oncol. 2022;12:1005962. 10.3389/fonc.2022.1005962.36300089 10.3389/fonc.2022.1005962 PMC9589366 2. Siegel RL, Miller KD, Jemal A, Cancer statistics. 2018. CA Cancer J Clin. 2018;68(1):7–30. 10.3322/caac.2144210.3322/caac.21442 29313949 3. Li Y Yang Y Ma Q Cheng H Wang H Ma C HNRNPK/CLCN3 axis facilitates the progression of LUAD through CAF-tumor interaction Int J Biol Sci 2022 18 16 6084 101 10.7150/ijbs.76083 36439880 PMC9682536 Li Y, Yang Y, Ma Q, Cheng H, Wang H, Ma C, et al. HNRNPK/CLCN3 axis facilitates the progression of LUAD through CAF-tumor interaction. Int J Biol Sci. 2022;18(16):6084–101. 10.7150/ijbs.76083.36439880 10.7150/ijbs.76083 PMC9682536 4. Liu X Nie L Zhang Y Yan Y Wang C Colic M Actin cytoskeleton vulnerability to disulfide stress mediates Disulfidptosis Nat Cell Biol 2023 25 3 404 14 10.1038/s41556-023-01091-2 36747082 PMC10027392 Liu X, Nie L, Zhang Y, Yan Y, Wang C, Colic M, et al. Actin cytoskeleton"
PMC12219082_necroptosis_SKCM,CD53;IFI35;SOD2;TAPBP;TUFM,macrophage;T cell;CD4;B cell;monocyte;tumor cell,False,"scRNA-seq was performed to evaluate the cell localization of model genes. As shown in Fig. 7A and B, TUFM, IFI35, and TAPBP were mainly expressed in tumor cells, CD53 and TAPBP were mainly expressed in B cells, CLEC2D was mainly expressed in CD4+T cells, SOD2 was mainly expressed in monocyte and macrophages. TUFM and TAPBP were expressed in all cell types."
PMC12219082_necroptosis_SKCM,CD53;IFI35;SOD2;TAPBP;TUFM,macrophage;T cell;CD4;B cell;monocyte;tumor cell,False,"Fig. 7 The cell localization of the 9 model genes by single-cell sequencing analysis. (A and B) TUFM, IFI35, and TAPBP were mainly expressed in tumor cells, CD53 and TAPBP were mainly expressed in B cells, CLEC2D was mainly expressed in CD4+T cells, SOD2 was mainly expressed in monocyte and macrophages."
PMC12219082_necroptosis_SKCM,TUFM,T cell;CD8;CD4;dendritic cell,False,"The SKCM patients with high expression of TUFM showed a worse prognosis than those with low expression of TUFM (P < 0.0001, Fig. 9A). In addition to TUFM, the high expression of the other eight genes also indicates a worse prognosis for SCKM patients (Supplementary Fig. 1). Besides, the TUFM expression was significantly higher in A375 cells compared to the PIG1 cell (P < 0.001, Fig. 9B). Next, we evaluated the TUFM expression situations both in immune and non-immune cells in ten SKCM single-cell datasets based on the TISCH database. Results showed that TUFM was highly expressed in CD4+T cells, CD8+T cells, dendritic cells (DC), and melanoma cells in the microenvironment (Fig. 9C). Moreover, we found that the protein expression of IFITM3 in SKCM tissue was also higher than that in normal skin tissue using the immunohistochemical data of the HPA database (Fig. 9D)."
PMC12219082_necroptosis_SKCM,TUFM,T cell;CD8;NK cell;tumor cell,False,"1. Siegel RL Cancer statistics, 2023 CA Cancer J. Clin. 2023 73 17 48 10.3322/caac.21763 36633525 Siegel, R. L. et al. Cancer statistics, 2023. CA Cancer J. Clin. 73, 17–48 (2023).36633525 10.3322/caac.21763 2. van Akkooi AC Surgical management and adjuvant therapy for high-risk and metastatic melanoma Am. Soc. Clin. Oncol. Educ. Book. 2016 35 e505 514 10.1200/EDBK_159087 27249760 van Akkooi, A. C. et al. Surgical management and adjuvant therapy for high-risk and metastatic melanoma. Am. Soc. Clin. Oncol. Educ. Book. 35, e505–514 (2016).27249760 10.1200/EDBK_159087 3. Yushak M Approaches to high-risk resected stage II and III melanoma Am. Soc. Clin. Oncol. Educ. Book. 2019 39 e207 e211 10.1200/EDBK_239283 31099653 Yushak, M. et al. Approaches to high-risk resected stage II and III melanoma. Am. Soc. Clin. Oncol. Educ. Book. 39 e207–e211. (2019).31099653 10.1200/EDBK_239283 4. Ascierto PA Flaherty K Goff S Emerging strategies in systemic therapy for the treatment of melanoma Am. Soc. Clin. Oncol. Educ. Book. 2018 38 751 758 10.1200/EDBK_199047 30231371 Ascierto, P. A., Flaherty, K. & Goff, S. Emerging strategies in systemic therapy for the treatment of melanoma. Am. Soc. Clin. Oncol"
PMC12354743_NETs_Glioma,STAT3,macrophage;endothelial;NK cell;neutrophil,False,"1. Torrini C Lactate is an epigenetic metabolite that drives survival in model systems of glioblastoma Mol. Cell 2022 82 3061 3076 10.1016/j.molcel.2022.06.030 35948010 PMC9391294 Torrini, C. et al. Lactate is an epigenetic metabolite that drives survival in model systems of glioblastoma. Mol. Cell 82, 3061–3076. 10.1016/j.molcel.2022.06.030 (2022).35948010 10.1016/j.molcel.2022.06.030 PMC9391294 2. Darmanis S Single-cell RNA-seq analysis of infiltrating neoplastic cells at the migrating front of human glioblastoma Cell Rep. 2017 21 1399 1410 10.1016/j.celrep.2017.10.030 29091775 PMC5810554 Darmanis, S. et al. Single-cell RNA-seq analysis of infiltrating neoplastic cells at the migrating front of human glioblastoma. Cell Rep. 21, 1399–1410. 10.1016/j.celrep.2017.10.030 (2017).29091775 10.1016/j.celrep.2017.10.030 PMC5810554 3. Tong S Identification and validation of a novel prognostic signature based on mitochondria and oxidative stress related genes for glioblastoma J. Transl. Med. 2023 21 136 10.1186/s12967-023-03970-6 36814293 PMC9948483 Tong, S. et al. Identification and validation of a novel prognostic signature based on mitochondria and oxidative stress related genes for glio"
PMC12402452_exosome_AML,EXOSC4;MYH9;THBS1,macrophage;T cell;B cell;natural killer;myeloid;TAM;M2,False,"1. Wachter F Pikman Y Pathophysiology of acute myeloid leukemia Acta Haematol. 2024 147 229 246 10.1159/000536152 38228114 Wachter, F. & Pikman, Y. Pathophysiology of acute myeloid leukemia. Acta Haematol. 147, 229–246. 10.1159/000536152 (2024).38228114 10.1159/000536152 2. Hackl H Astanina K Wieser R Molecular and genetic alterations associated with therapy resistance and relapse of acute myeloid leukemia J. Hematol. Oncol. 2017 10 51 10.1186/s13045-017-0416-0 28219393 PMC5322789 Hackl, H., Astanina, K. & Wieser, R. Molecular and genetic alterations associated with therapy resistance and relapse of acute myeloid leukemia. J. Hematol. Oncol. 10, 51. 10.1186/s13045-017-0416-0 (2017).28219393 10.1186/s13045-017-0416-0 PMC5322789 3. Venugopal S Sekeres MA Contemporary management of acute myeloid leukemia: a review JAMA Oncol. 2024 10 1417 1425 10.1001/jamaoncol.2024.2662 39115831 Venugopal, S. & Sekeres, M. A. Contemporary management of acute myeloid leukemia: a review. JAMA Oncol. 10, 1417–1425. 10.1001/jamaoncol.2024.2662 (2024).39115831 10.1001/jamaoncol.2024.2662 4. Thol F Heuser M Treatment for relapsed/refractory acute myeloid leukemia HemaSphere 2021 5 e572 10.1097/hs9.00000000"
PMC12647489_cholesterol_HCC,FABP5;HMGCS2,fibroblast;endothelial;T cell;myeloid,False,"Subsequently, we constructed a heatmap to depict the differential expression of the top 10 most significantly DEGs between various cell types (Fig. 11A). We presented bar plots comparing the proportions of cell types between different sample groups, including single-cell LIHC and control groups (Fig. 11B, C). Notably, hepatocyte depletion emerged as a hallmark of LIHC lesions, potentially contributing to oncogenic niche formation. Finally, the expression distribution of the six identified hub genes across distinct cell types was visualized using violin plots (Fig.S5). The results demonstrate that HMGCS2 was most highly expressed in hepatocytes, while FABP5 showed marked expression across fibroblasts, endothelial cells, and myeloid cells."
PMC12647489_cholesterol_HCC,FABP5;HMGCS2,macrophage;myeloid,False,"This study reinforces the essential role of lipid metabolism in LIHC at the single-cell level. Through dimensionality reduction clustering, we identified six major cell types with significantly different proportions in LIHC samples. Notably, hepatocytes showed a marked decrease in proportion within LIHC, and this reduction was significantly associated with the expression of the APOC2 gene, which regulates triglyceride metabolism (Fig. 10E-F). Previous studies have demonstrated that, compared to cancer cell lines, primary hepatocytes exhibit higher lipoprotein synthesis [89]. A decrease in this synthesis is linked to lipid dysregulation during cancer progression, which is consistent with our results. On the other hand, changes in genes such as APOC2 may drive imbalances in nutrient utilization within the immune microenvironment, potentially impairing the tumoricidal function of immune cells [90]. In addition, our study observed high expression of HMGCS2 in hepatocytes, suggesting a potential close association with APOC2. Meanwhile, FABP5 was predominantly enriched in myeloid cells, which is consistent with our previous finding of a positive correlation between FABP5 and M0 macrophag"
PMC12647489_cholesterol_HCC,ADH4;CYP7A1;EPHX2;FABP5;HMGCS2;SQLE,macrophage;T cell;CD8;Treg;mast cell;tumor cell;TAM;M2,False,"1. Sung H Ferlay J Siegel RL Global cancer statistics 2020: GLOBOCAN estimates of incidence and mortality worldwide for 36 cancers in 185 countries CA Cancer J Clin 2021 71 3 209 49 33538338 10.3322/caac.21660 Sung H, Ferlay J, Siegel RL, et al. Global cancer statistics 2020: GLOBOCAN estimates of incidence and mortality worldwide for 36 cancers in 185 countries. CA Cancer J Clin. 2021;71(3):209–49.33538338 10.3322/caac.21660 2. Longerich T Hepatozelluläres Karzinom [Hepatocellular carcinoma] Pathologe 2020 41 5 478 87 10.1007/s00292-020-00801-z 32556448 Longerich T. Hepatozelluläres Karzinom [Hepatocellular carcinoma]. Pathologe. 2020;41(5):478–87. German.32556448 10.1007/s00292-020-00801-z 3. Llovet JM Zucman-Rossi J Pikarsky E Hepatocellular carcinoma Nat Rev Dis Primers 2016 2 16018 10.1038/nrdp.2016.18 27158749 Llovet JM, Zucman-Rossi J, Pikarsky E, et al. Hepatocellular carcinoma. Nat Rev Dis Primers. 2016;2:16018.27158749 10.1038/nrdp.2016.18 4. Baecker A Liu X La Vecchia C Worldwide incidence of hepatocellular carcinoma cases attributable to major risk factors Eur J Cancer Prev 2018 27 3 205 12 10.1097/CEJ.0000000000000428 29489473 PMC5876122 Baecker A, Liu X, La Vecchia C,"
PMC12891303_CAF_BLCA,DDR2;ECM1;HSPG2;RECK;SERPINF1;SLIT2,macrophage;CAF;T cell;CD8;M2,False,"Through analysis of metastasis and basement membrane-associated DEGs, 18 candidate MBRGs were identified and refined via univariate Cox and SHAP to a 6-gene signature (SERPINF1, DDR2, SLIT2, HSPG2, ECM1, RECK). This signature demonstrated prognostic power with AUCs of 0.638–0.674 in TCGA and 0.602–0.742 in GEO cohorts. A clinical nomogram achieved an AUC of 0.827. The high-risk group exhibited elevated M2 macrophages and TIDE scores(a computational metric for predicting tumor immune evasion and immunotherapy response), whereas the low-risk group showed enriched CD8⁺ T cells. Drug assays indicated dasatinib sensitivity in low-risk patients, and LGK974, LY2109761, and Wnt-C59 in high-risk patients. Single-cell RNA-seq and IHC confirmed CAF-specific overexpression of DDR2 and SERPINF1."
PMC12891303_CAF_BLCA,DDR2;SERPINF1,fibroblast;CAF;cancer-associated fibroblast;myeloid;tumor cell,False,"To delineate the cell-type specificity and spatial context of the EMT-associated prognostic genes DDR2 and SERPINF1, we integrated single-cell, spatial, and multiplex imaging analyses in BLCA. Analysis of the GSE129845 single-cell dataset revealed preferential expression of both DDR2 and SERPINF1 in fibroblasts rather than epithelial tumor cells (Fig. 9A). Spatial transcriptomics further localized DDR2 and SERPINF1 to fibroblast-enriched stromal niches adjacent to epithelial tumor nests across two independent specimens, with low expression observed in epithelial compartments (Fig. 9B–C). Consistently, multiplex immunofluorescence confirmed stromal localization: DDR2 and SERPINF1 were predominantly detected in SMA-α⁺ cancer-associated fibroblasts(CAFs) and were frequently juxtaposed with CD68⁺ myeloid cells, indicating a CAF–myeloid ecosystem at the tumor–stroma interface (Fig. 9D–E). Collectively, these findings reposition DDR2 and SERPINF1 as CAF-centric transcriptional programs within the BLCA TME. Notably, SERPINF1 was depleted in epithelial nests but retained in stromal CAFs, suggesting a stromal–epithelial gradient with potential implications for EMT, extracellular matrix remo"
PMC12891303_CAF_BLCA,DDR2;SERPINF1,fibroblast;endothelial;B cell;monocyte;epithelial cell,False,"Fig. 9 Cell lineage and spatial distribution of DDR2 and SERPINF1 in BLCA. A UMAP plot of single-cell transcriptomes colored by cell type, highlighting major populations including epithelial cells, fibroblasts, endothelial cells, monocytes, B cells, and adipocytes. Both DDR2 and SERPINF1 were predominantly expressed in fibroblasts. B, C Spatial transcriptomics analysis. Left: cell type annotation map of normal tissue; right: spatial expression heatmaps of DDR2 and SERPINF1 in tumor tissue. D, E Representative multiplex immunofluorescence (Opal-TSA) images acquired from the same section and the same field (ROI), showing DAPI nuclear staining and α-SMA and CD68 signals, with DDR2 (D) or SERPINF1 (E) channels displayed separately for clarity; merged images support the spatial transcriptomic findings. Scale bar, 50 μm"
PMC12891303_CAF_BLCA,DDR2;ECM1;HSPG2;RECK;SERPINF1;SLIT2,CAF,False,"We developed a prognostic risk scoring model for BLCA based on genes associated with metastasis and basement membrane degradation (MBRGs), demonstrating its utility for predicting overall survival and immunotherapy response. Validation in independent TCGA and GEO cohorts confirmed consistent performance via nomogram calibration and ROC analyses. SHAP analysis quantified each gene’s impact on risk prediction, highlighting DDR2 as the most influential among the six-gene panel (DDR2, SERPINF1, SLIT2, HSPG2, ECM1, RECK). Integrated functional enrichment, immune deconvolution, and immunotherapy response analyses linked the MBRG risk score to invasion-related pathways, immune landscape remodeling, and therapeutic sensitivity. Drug sensitivity screening suggested tailored therapeutic options. Notably, single-cell RNA sequencing and spatial transcriptome sequencing analyses revealed higher expression of DDR2 and SERPINF1 in CAFs, implying that DDR2 may indirectly regulate EMT through CAF-tumor interactions."
PMC12891303_CAF_BLCA,DDR2;SLIT2,fibroblast;CAF;cancer-associated fibroblast;tumor cell,False,"Among the remaining prognostic genes, DDR2 and SLIT2 are closely linked to EMT regulation. Notably, single-cell and spatial transcriptomic analyses revealed that DDR2 expression is selectively enriched in cancer-associated fibroblasts, despite appearing reduced at the bulk tumor level. This apparent discrepancy underscores the cell type–specific and context-dependent role of DDR2 within the tumor microenvironment. CAF-derived DDR2 promotes ECM remodeling through collagen signaling and POSTN–integrin β1 activation, thereby creating a permissive stromal niche that indirectly facilitates EMT and tumor invasion [41]. Although this effect is masked in bulk transcriptomic analyses, it is captured by SHAP-based individual risk contributions, where DDR2 exerts a positive prognostic impact in specific patients. Together, these findings support DDR2 as a stromal-contextual risk factor whose prognostic relevance arises from CAF-driven microenvironmental remodeling rather than tumor cell–intrinsic expression. In parallel, aberrant SLIT2 expression in high-risk BLCA patients may compromise its migration-inhibitory function, further predisposing tumor cells to EMT and invasive behavior."
PMC12891303_CAF_BLCA,DDR2;SERPINF1,CAF,False,"Importantly, our single-cell analyses were not used as the primary basis for prognostic modeling, but rather to provide cell type–specific context for key genes identified from large-scale bulk transcriptomic cohorts. The CAF-enriched expression of DDR2 and SERPINF1 was consistently supported by spatial transcriptomics, tissue microarray validation, and reproducible prognostic effects across TCGA and multiple independent GEO datasets. These complementary approaches help mitigate the limited generalizability inherent to small single-cell sample sizes."
PMC12891303_CAF_BLCA,DDR2,CAF,False,"Nevertheless, larger single-cell and spatial profiling studies will be necessary to fully delineate CAF heterogeneity in BLCA and to validate whether DDR2⁺ CAFs represent a conserved functional subtype across diverse clinical settings. Future work integrating high-throughput spatial transcriptomics with longitudinal clinical cohorts will be essential to refine stromal-targeted therapeutic strategies."
PMC12891303_CAF_BLCA,DDR2;SERPINF1,CAF,False,"Our MBRG-based prognostic model for BLCA showed promising predictive performance in our retrospective cohorts, elucidated the synergistic interplay of basement membrane remodeling, EMT, and immune suppression, and, through SHAP and single-cell analyses, confirmed the pivotal roles of DDR2 and SERPINF1 in CAFs, thereby potentially providing a novel tool for personalized prognostic assessment and guiding precision therapy strategies."
PMC12891303_CAF_BLCA,DDR2;ECM1,macrophage;fibroblast;cancer-associated fibroblast;endothelial;T cell;M2,False,"1. Rouprêt M European association of urology guidelines on upper urinary tract urothelial carcinoma: 2023 update Eur Urol 2023 84 1 49 64 10.1016/j.eururo.2023.03.013 36967359 Rouprêt M, et al. European association of urology guidelines on upper urinary tract urothelial carcinoma: 2023 update. Eur Urol. 2023;84(1):49–64.36967359 10.1016/j.eururo.2023.03.013 2. Wang Y Multi-omics analysis unveils the predictive value of IGF2BP3/SPHK1 signaling in cancer stem cells for prognosis and immunotherapeutic response in muscle-invasive bladder cancer J Transl Med 2024 22 1 900 10.1186/s12967-024-05685-8 39367493 PMC11452965 Wang Y, et al. Multi-omics analysis unveils the predictive value of IGF2BP3/SPHK1 signaling in cancer stem cells for prognosis and immunotherapeutic response in muscle-invasive bladder cancer. J Transl Med. 2024;22(1):900.39367493 10.1186/s12967-024-05685-8 PMC11452965 3. Flaig TW NCCN Guidelines® insights: bladder Cancer, version 3.2024 J Natl Compr Canc Netw 2024 22 4 216 25 10.6004/jnccn.2024.0024 38754471 Flaig TW, et al. NCCN Guidelines® insights: bladder Cancer, version 3.2024. J Natl Compr Canc Netw. 2024;22(4):216–25.38754471 10.6004/jnccn.2024.0024 4. Aldousari S"
PMC12891315_CAF_UCEC,CDK16;CIT;LTB,CAF;smooth muscle;tumor cell,False,"By using scRNA-seq data, we identified six CAF clusters in dMMR EC, five of which were related to prognosis. We distinguished 9,682 tumor cells and 5,476 normal cells using copykat methods. Gene Set Variation Analysis (GSVA) revealed significantly higher tumor-related pathway scores in the tumor group, with 1,329 upregulated and 2,726 downregulated DEGs, among which 1,319 were significantly related to prognosis. Based on the highest C-index and minimal gene number, the CoxBoost + Enet [alpha = 0.6] model was selected to construct the prognostic signature. Six significant genes were identified: HAPLN1, CIT, CDK16 (risk gene), RARRES2, LRRN4CL, and LTB (protective gene). Ten pathways were significantly associated with these genes, including cell cycle, focal adhesion, and vascular smooth muscle contraction. Kaplan-Meier analysis showed that high-risk patients had poorer survival. Protective genes correlated positively with immune infiltration, while risk genes showed a significant negative correlation. Mutation analysis found that LTB was positively correlated with Aneuploidy Score, whereas LRRN4CL was negatively correlated with the Number of Segments. The nomogram model, incorporati"
PMC12891315_CAF_UCEC,CDK16;CIT;LTB,macrophage;CAF;T cell;CD8;NK cell;dendritic cell,False,"Our data revealed significant positive correlations between LTB, LRRN4CL and RARRES2 with StromalScore, ImmuneScore, and ESTIMATEScore, while CDK16, and CIT showed significant negative correlations with these scores (Figure S4A). Grouping based on median scores showed significant differences in the immune scores among different expression groups for LTB, LRRN4CL and RARRES2 genes, with high-expression groups significantly higher than low-expression groups (Figure S4B). Correlation analysis indicated significant positive correlations of LTB, LRRN4CL, and RARRES2 with CD8_T cells and NK cells activated, and significant negative correlations with M0 macrophages. HAPLN1, CDK16, and CIT showed significant positive correlations with T cells follicular helper, M0 macrophages, and Dendritic cells activated (Figure S4C). To further explore the mechanistic interactions between CAFs and immune cells at the single-cell level, we performed a cell-cell communication analysis using our scRNA-seq data. Our analysis revealed that while the total number of cell-cell communications was generally decreased in the tumor group compared to the normal group, the interaction landscape was significantly rem"
PMC12891315_CAF_UCEC,CDK16;CIT;LTB,macrophage;CAF;T cell;CD8;M2,False,"Recent evidence suggested that CAFs and the tumor immune microenvironment can promote tumor progression. Our preliminary cell-cell communication analysis confirmed that specific CAF subsets (e.g., CAF_5) become critical interaction hubs with immune cells in the tumor. Furthermore, this altered crosstalk appeared to be driven by unique tumor-specific pathways, such as NEGR and TWEAK. Xiang’s study identified resident memory cells as the primary PD-1 and TIGIT co-expressing group within EC TILs, and dual checkpoint blockade could counteract the inhibition of T cells by PD-1 and TIGIT. This data identified PD-1 + TIGIT + resident memory cells as novel immunotherapeutic targets [4]. Our data indicated that the risk signature could differentiate patients who are more likely to benefit from immunotherapy. In the defined features, the risk genes HAPLN1, CDK16, and CIT were positively correlated with M0 macrophages and negatively correlated with M2 macrophages, suggesting a potential association of risk genes with macrophage polarization. Previous research analyzing single-cell sequencing data in EC identified a phenomenon of macrophage polarization from M1 to M2, consistent with a continu"
PMC12891315_CAF_UCEC,CDK16,macrophage;fibroblast;CAF;cancer-associated fibroblast;T cell;CD8;epithelial cell;tumor cell,False,"1. Xia C Dong X Li H Cancer statistics in China and united States, 2022: profiles, trends, and determinants Chin Med J (Engl) 2022 135 5 584 90 10.1097/CM9.0000000000002108 35143424 PMC8920425 Xia C, Dong X, Li H, et al. Cancer statistics in China and united States, 2022: profiles, trends, and determinants. Chin Med J (Engl). 2022;135(5):584–90.35143424 10.1097/CM9.0000000000002108 PMC8920425 2. National IOH. National Cancer Institute Surveillance, Epidemiology, and End Results Program. Cancer stat facts: uterine cancer. 2019. 3. Makker V Colombo N Casado HA Lenvatinib plus pembrolizumab for advanced endometrial cancer N Engl J Med 2022 386 5 437 48 10.1056/NEJMoa2108330 35045221 PMC11651366 Makker V, Colombo N, Casado HA, et al. Lenvatinib plus pembrolizumab for advanced endometrial cancer. N Engl J Med. 2022;386(5):437–48.35045221 10.1056/NEJMoa2108330 PMC11651366 4. Jiang F Mao M Jiang S PD-1 and TIGIT coexpressing CD8 + CD103 + tissue-resident memory cells in endometrial cancer as potential targets for immunotherapy Int Immunopharmacol 2024 127 111381 10.1016/j.intimp.2023.111381 38150880 Jiang F, Mao M, Jiang S, et al. PD-1 and TIGIT coexpressing CD8 + CD103 + tissue-resident "
PMC13355270_mitophagy_BLCA,AKR1B1;FBXW7;IGF2BP3;NTN4,macrophage;T cell;epithelial cell;stromal cell,False,1 Bray F Laversanne M Sung H Global cancer statistics 2022: GLOBOCAN estimates of incidence and mortality worldwide for 36 cancers in 185 countries. CA Cancer J Clin 2024;74:229-63. 10.3322/caac.21834 38572751 2 Patel VG Oh WK Galsky MD . Treatment of muscle-invasive and advanced bladder cancer in 2020. CA Cancer J Clin 2020;70:404-23. 10.3322/caac.21631 32767764 3 Lopez-Beltran A Cookson MS Guercio BJ Advances in diagnosis and treatment of bladder cancer. BMJ 2024;384:e076743. 10.1136/bmj-2023-076743 38346808 4 Brouzes H Ourfali S Fassi-Fehri H Predicting recurrence and progression in NMIBC: A multi-event and temporal analysis approach. Fr J Urol 2025;35:102921. 10.1016/j.fjurol.2025.102921 40550272 5 Witjes JA Bruins HM Cathomas R European Association of Urology Guidelines on Muscle-invasive and Metastatic Bladder Cancer: Summary of the 2020 Guidelines. Eur Urol 2021;79:82-104. 10.1016/j.eururo.2020.03.055 32360052 6 Li F Zhang H Huang Y Single-cell transcriptome analysis reveals the association between histone lactylation and cisplatin resistance in bladder cancer. Drug Resist Updat 2024;73:101059. 10.1016/j.drup.2024.101059 38295753 7 Mariathasan S Turley SJ Nickles D TGFβ atte
PMC13490468_ATIC_HCC,ATIC;PRKCD;RHEB;TMEM74,T cell;tumor cell,False,"============================== Autophagy plays a non-negligible role in the progression and immune regulation of hepatocellular carcinoma (HCC). An integrated analysis of the autophagy-related genes (ARGs) is of significance to deepen our mechanistic understanding about HCC pathology. In our present work, based on the expression patterns of 221 ARGs, we first identified 2 autophagy-related subtypes for TCGA-HCC patients using consensus clustering method. The two subtypes showed considerable distinctions in terms of molecular characteristics, immune landscapes and clinical outcomes. To augment the clinical utility of the subtyping system, a four-gene prognostic model including ATIC, RHEB, TMEM74 and PRKCD was developed and verified through LASSO and multivariate Cox regression analyses. ROC(AUC) analysis confirmed the predictive efficacy of the model across the training and validation cohorts. Notably, HCC patients in the high-risk group exhibited elevated tumor mutation burdens and higher expression of multiple immune checkpoint genes, suggesting distinct immune-related features between risk groups. Furthermore, single-cell RNA sequencing analysis revealed that the model’s marker"
PMC13490468_ATIC_HCC,ATIC,tumor cell,False,"In this study, we systematically analyzed the expression profiles and prognostic relevance of ARGs in HCC using data from The Cancer Genome Atlas (TCGA). Based on 30 prognosis-associated ARGs, we identified two distinct HCC autophagy subtypes, with markedly different immune microenvironment landscapes, biological functions, and survival outcomes. Later, to enhance the clinical utility of the subtyping system, a prognostic risk model was developed and validated using LASSO and Cox regression methods. The model showed potential value in stratifying HCC patients by survival risk. In addition, through single-cell RNA sequencing analysis, we found that ATIC, a key gene in the model, was predominantly expressed in tumor cells and strongly associated with elevated autophagy activity. Finally, functional assays added to the credibility of identifying ATIC as a key regulator linking autophagy to HCC progression, with its silencing significantly suppressed autophagy, and impaired the proliferation and migration of HCC cells. Collectively, the present study established an autophagy-related prognostic signature with potential prognostic value and identified ATIC as a potential regulator of HCC"
PMC13490468_ATIC_HCC,ATIC,T cell;tumor cell,False,"To further investigate the heterogeneity of ATIC within the tumor microenvironment of hepatocellular carcinoma (HCC) and its potential association with autophagy, we performed single-cell RNA sequencing (scRNA-seq) analysis using the GSE210679 dataset26. After stringent quality control, a total of 31,525 cells were retained for downstream analyses. Dimensionality reduction and clustering were conducted using principal component analysis (PCA) and t-distributed stochastic neighbor embedding (t-SNE), resulting in the identification of 13 distinct cell clusters (Fig. 7A). We then assessed the expression distribution of ATIC across different cell types using density plots, revealing its significant enrichment in tumor cells (Fig. 7B). The accuracy of cell type annotation was validated using classical marker genes (Fig. 7C). Violin plots further illustrated the expression patterns of ATIC, showing that it is highly expressed in tumor cells and proliferative T cells, compared to other cell types (Fig. 7D). To explore the role of ATIC in tumor cells and its relationship with autophagy, we reclustered tumor cells into eight subpopulations. Notably, ATIC expression was predominantly enriche"
PMC13490468_ATIC_HCC,ATIC,T cell;tumor cell,False,"Fig. 7 Heterogeneous Expression of ATIC in the Tumor Microenvironment of Hepatocellular Carcinoma. (A) t-SNE plot showing the clustering of 13 distinct cell subpopulations within the HCC tumor microenvironment. (B) ATIC is significantly enriched in tumor cells. (C) Cells within the tumor microenvironment were classified into 13 subpopulations based on specific marker genes. (D) Violin plots illustrate the expression levels of ATIC across different cell types, highlighting its high expression in tumor cells and proliferative T cells. (E) t-SNE plot displaying eight distinct tumor cell subpopulations. (F) High ATIC expression is mainly concentrated in specific tumor cell subpopulations. (G) Expression patterns of autophagy-related gene sets across different tumor cell subsets. (H–I) Violin plots quantitatively show the distribution of autophagy characteristics and ATIC expression among tumor cell subpopulations. (J) Tumor cell subsets with high ATIC expression substantially overlap with those exhibiting high autophagy activity."
PMC13490468_ATIC_HCC,ATIC,tumor cell,False,"Mechanistically, we focused on the core gene ATIC within the risk model, which was found to be highly expressed in tumor cells and significantly enriched in clusters with high autophagic activity, based on single-cell RNA-seq data. Functional assays showed that ATIC silencing altered LC3B and p62 expression and reduced autophagosome-like ultrastructural features, suggesting that ATIC may be involved in autophagy-related phenotypes in HCC cells. Together, these molecular and ultrastructural observations support a potential association between ATIC expression and autophagy-related alterations in HCC cells. Similar findings were reported by Yang et al. in gastric cancer, where modulation of LC3B expression and lysosome formation by autophagy-related genes was shown to impact tumor cell migration and survival, further supporting our data28."
PMC7880321_immune_BLCA,AHNAK;CDH1;IRF5;OAS1,macrophage;CAF;T cell;CD8;CD4;Treg;natural killer;dendritic cell;monocyte;neutrophil;M2,False,"1 Siegel RL, Miller KD, Jemal A. Cancer statistics, 2020. CA Cancer J Clin. 2020; 70:7–30. 10.3322/caac.21590 31912902 2 Dy GW, Gore JL, Forouzanfar MH, Naghavi M, Fitzmaurice C. Global burden of urologic cancers, 1990-2013. Eur Urol. 2017; 71:437–46. 10.1016/j.eururo.2016.10.008 28029399 3 Alfred Witjes J, Lebret T, Compérat EM, Cowan NC, De Santis M, Bruins HM, Hernández V, Espinós EL, Dunn J, Rouanne M, Neuzillet Y, Veskimäe E, van der Heijden AG, et al. Updated 2016 EAU guidelines on muscle-invasive and metastatic bladder cancer. Eur Urol. 2017; 71:462–75. 10.1016/j.eururo.2016.06.020 27375033 4 Parikh RB, Adamson BJ, Khozin S, Galsky MD, Baxi SS, Cohen A, Mamtani R. Association between FDA label restriction and immunotherapy and chemotherapy use in bladder cancer. JAMA. 2019; 322:1209–11. 10.1001/jama.2019.10650 31550019 PMC6763996 5 Robertson AG, Kim J, Al-Ahmadie H, Bellmunt J, Guo G, Cherniack AD, Hinoue T, Laird PW, Hoadley KA, Akbani R, Castro MA, Gibb EA, Kanchi RS, et al, and TCGA Research Network. Comprehensive molecular characterization of muscle-invasive bladder cancer. Cell. 2018; 174:1033. 10.1016/j.cell.2018.07.036 30096301 PMC6297116 6 Kamoun A, de Reyniès A, All"
PMC9341065_immune_autophagy_BLCA,CD96;CSF3R;OLR1,fibroblast;cancer-associated fibroblast;T cell;CD8;B cell;myeloid;neutrophil,False,"1. Sanli O Dobruch J Knowles MA Burger M Alemozaffar M Nielsen ME Bladder cancer Nat Rev Dis Primers 2017 3 17022 10.1038/nrdp.2017.22 28406148 2. Tran L Xiao JF Agarwal N Duex JE Theodorescu D Advances in bladder cancer biology and therapy Nat Rev Cancer 2021 21 2 104 121 10.1038/s41568-020-00313-1 33268841 PMC10112195 3. Butt SU Malik L Role of immunotherapy in bladder cancer: past, present and future Cancer Chemother Pharmacol 2018 81 4 629 645 10.1007/s00280-018-3518-7 29368051 4. Chen DS Mellman I Oncology meets immunology: the cancer-immunity cycle Immunity 2013 39 1 1 10 10.1016/j.immuni.2013.07.012 23890059 5. Demaria O Cornen S Daeron M Morel Y Medzhitov R Vivier E Harnessing innate immunity in cancer therapy Nature 2019 574 7776 45 56 10.1038/s41586-019-1593-5 31578484 6. Xie J Chen L Sun Q Li H Wei W Wu D An immune subtype-related prognostic signature of hepatocellular carcinoma based on single-cell sequencing analysis Aging (Albany NY) 2022 14 7 3276 3292 10.18632/aging.204012 35413690 PMC9037256 7. Poillet-Perez L White E Role of tumor and host autophagy in cancer metabolism Genes Dev 2019 33 11–12 610 619 10.1101/gad.325514.119 31160394 PMC6546058 8. Li X He S Ma B Au"
