pmid,theme
42359350,anoikis
42258564,anoikis
42245636,anoikis
42180924,anoikis
42071883,anoikis
41806645,anoikis
41608646,anoikis
41559138,anoikis
41198549,anoikis
41187171,anoikis
41112326,anoikis
41105278,anoikis
40927650,anoikis
40901678,anoikis
40859340,anoikis
40830065,anoikis
40820175,anoikis
40792140,anoikis
40792128,anoikis
40746552,anoikis
40675763,anoikis
40661777,anoikis
40643718,anoikis
40599775,anoikis
40495091,anoikis
40447878,anoikis
40123831,anoikis
40028162,anoikis
40020330,anoikis
39981252,anoikis
39913001,anoikis
39910129,anoikis
39850875,anoikis
39664392,anoikis
39611065,anoikis
39568815,anoikis
39525036,anoikis
39444152,anoikis
39431237,anoikis
39391236,anoikis
39383787,anoikis
39329635,anoikis
39300389,anoikis
39268091,anoikis
39168258,anoikis
39154969,anoikis
39116498,anoikis
39040248,anoikis
39029056,anoikis
38957390,anoikis
38953023,anoikis
38947446,anoikis
38850527,anoikis
38840097,anoikis
38835052,anoikis
38824386,anoikis
38802480,anoikis
38787413,anoikis
38779664,anoikis
38737694,anoikis
38737687,anoikis
38728457,anoikis
38572916,anoikis
38507233,anoikis
38482431,anoikis
38385949,anoikis
38381376,anoikis
38377622,anoikis
38373667,anoikis
38332160,anoikis
38319706,anoikis
38318669,anoikis
38310291,anoikis
38305400,anoikis
38274727,anoikis
38238592,anoikis
38226979,anoikis
38217031,anoikis
38141377,anoikis
38062824,anoikis
38053861,anoikis
38049825,anoikis
38017579,anoikis
37989822,anoikis
37986299,anoikis
37985130,anoikis
37965453,anoikis
37930439,anoikis
37904416,anoikis
37899003,anoikis
37842046,anoikis
37807308,anoikis
37787988,anoikis
37767763,anoikis
37759912,anoikis
37736789,anoikis
37688768,anoikis
37679418,anoikis
37664042,anoikis
37575253,anoikis
37502362,anoikis
37478222,anoikis
37474682,anoikis
37456749,anoikis
37450027,anoikis
37421452,anoikis
37417684,anoikis
37401304,anoikis
37385008,anoikis
37383389,anoikis
37370756,anoikis
37323657,anoikis
37318595,anoikis
37300839,anoikis
37259225,anoikis
37215879,anoikis
37213475,anoikis
37182175,anoikis
37169018,anoikis
37118620,anoikis
37081871,anoikis
37065587,anoikis
37056778,anoikis
37035149,anoikis
37021052,anoikis
36996495,anoikis
36925640,anoikis
36769187,anoikis
36726781,anoikis
36685842,anoikis
36630752,anoikis
36507553,anoikis
36505486,anoikis
36401385,anoikis
36338978,anoikis
36249029,anoikis
42507662,PANoptosis
42474130,PANoptosis
42421178,PANoptosis
42376459,PANoptosis
42305471,PANoptosis
42298613,PANoptosis
42273677,PANoptosis
41998299,PANoptosis
41649622,PANoptosis
41622175,PANoptosis
41490727,PANoptosis
41451445,PANoptosis
41438490,PANoptosis
41409300,PANoptosis
41332473,PANoptosis
41273616,PANoptosis
41207123,PANoptosis
41182569,PANoptosis
41141246,PANoptosis
41117866,PANoptosis
40672091,PANoptosis
40643861,PANoptosis
40628169,PANoptosis
40594894,PANoptosis
40547036,PANoptosis
40415324,PANoptosis
40353888,PANoptosis
40324259,PANoptosis
40233411,PANoptosis
40232576,PANoptosis
40211224,PANoptosis
40204520,PANoptosis
40044828,PANoptosis
40008397,PANoptosis
39765120,PANoptosis
39634422,PANoptosis
39624400,PANoptosis
39554569,PANoptosis
39491451,PANoptosis
39430460,PANoptosis
39331898,PANoptosis
39287311,PANoptosis
39248067,PANoptosis
39127853,PANoptosis
39104814,PANoptosis
38845990,PANoptosis
38742112,PANoptosis
38577605,PANoptosis
38508210,PANoptosis
38467314,PANoptosis
38371527,PANoptosis
38169571,PANoptosis
37671354,PANoptosis
37666920,PANoptosis
37519797,PANoptosis
37501725,PANoptosis
37455906,PANoptosis
37313428,PANoptosis
37171396,PANoptosis
42664787,lactylation
42659456,lactylation
42591440,lactylation
42541343,lactylation
42451648,lactylation
42342961,lactylation
42234248,lactylation
42212139,lactylation
42192326,lactylation
42148081,lactylation
42118848,lactylation
42059994,lactylation
42042076,lactylation
41908151,lactylation
41851557,lactylation
41828710,lactylation
41751785,lactylation
41743011,lactylation
41645330,lactylation
41582583,lactylation
41547876,lactylation
41296151,lactylation
41275140,lactylation
41205015,lactylation
41026305,lactylation
40964497,lactylation
40963603,lactylation
40950343,lactylation
40853584,lactylation
40741410,lactylation
40672391,lactylation
40511304,lactylation
40404912,lactylation
40327181,lactylation
40256656,lactylation
40161494,lactylation
40072643,lactylation
39900790,lactylation
39765285,lactylation
39724993,lactylation
39696439,lactylation
39669362,lactylation
39590360,lactylation
38956267,lactylation
38817665,lactylation
41403629,lactylation
38566813,lactylation
38419085,lactylation
38009602,lactylation
37400571,lactylation
37242427,lactylation
41982336,N7-methylguanosine
41981105,N7-methylguanosine
41847631,N7-methylguanosine
41056007,N7-methylguanosine
40478476,N7-methylguanosine
40018039,N7-methylguanosine
39440245,N7-methylguanosine
39440068,N7-methylguanosine
39440054,N7-methylguanosine
39436635,N7-methylguanosine
38988942,N7-methylguanosine
38987843,N7-methylguanosine
38707306,N7-methylguanosine
38628712,N7-methylguanosine
38482248,N7-methylguanosine
37925170,N7-methylguanosine
37847055,N7-methylguanosine
37435203,N7-methylguanosine
37353728,N7-methylguanosine
37238181,N7-methylguanosine
37158958,N7-methylguanosine
37139222,N7-methylguanosine
37116150,N7-methylguanosine
36920166,N7-methylguanosine
36895966,N7-methylguanosine
36816047,N7-methylguanosine
36661684,N7-methylguanosine
36636051,N7-methylguanosine
36635678,N7-methylguanosine
36473947,N7-methylguanosine
36353118,N7-methylguanosine
36333719,N7-methylguanosine
36313442,N7-methylguanosine
36313441,N7-methylguanosine
36185235,N7-methylguanosine
36110218,N7-methylguanosine
36105111,N7-methylguanosine
36091687,N7-methylguanosine
36081998,N7-methylguanosine
35992788,N7-methylguanosine
35982949,N7-methylguanosine
35938009,N7-methylguanosine
35937987,N7-methylguanosine
35784919,N7-methylguanosine
35771136,N7-methylguanosine
35602299,N7-methylguanosine
35495133,N7-methylguanosine
42591630,N1-methyladenosine
41882633,N1-methyladenosine
39132150,N1-methyladenosine
37228500,N1-methyladenosine
37178414,N1-methyladenosine
37170222,N1-methyladenosine
37042849,N1-methyladenosine
36980686,N1-methyladenosine
36118888,N1-methyladenosine
36066162,N1-methyladenosine
35692827,N1-methyladenosine
35464855,N1-methyladenosine
34532096,N1-methyladenosine
39323814,5-methylcytosine
39285452,5-methylcytosine
38045198,5-methylcytosine
37523897,5-methylcytosine
35571068,5-methylcytosine
35371346,5-methylcytosine
34777473,5-methylcytosine
42436798,mitophagy
42180966,mitophagy
41968706,mitophagy
41851738,mitophagy
41583513,mitophagy
41487520,mitophagy
41266404,mitophagy
40873580,mitophagy
40715300,mitophagy
40576912,mitophagy
40453965,mitophagy
40000809,mitophagy
39948301,mitophagy
39923213,mitophagy
39762799,mitophagy
39612273,mitophagy
39559367,mitophagy
39549926,mitophagy
39470826,mitophagy
39198614,mitophagy
39170577,mitophagy
38848295,mitophagy
38774081,mitophagy
38601155,mitophagy
38482447,mitophagy
38397465,mitophagy
37886241,mitophagy
37707688,mitophagy
37700273,mitophagy
37633972,mitophagy
37266867,mitophagy
37023088,mitophagy
36937391,mitophagy
36612054,mitophagy
36544483,mitophagy
36333388,mitophagy
35939339,mitophagy
35692054,mitophagy
34733329,mitophagy
37555866,ferritinophagy
41731722,cGAS-STING
37051596,cGAS-STING
33843442,cGAS-STING
42576531,ubiquitination
42244316,ubiquitination
42012139,ubiquitination
41483448,ubiquitination
40990020,ubiquitination
40854820,ubiquitination
40809844,ubiquitination
40777122,ubiquitination
40574357,ubiquitination
40375984,ubiquitination
40189665,ubiquitination
39469643,ubiquitination
39445026,ubiquitination
39062659,ubiquitination
38870259,ubiquitination
38577593,ubiquitination
38313020,ubiquitination
37274231,ubiquitination
36999051,ubiquitination
36685928,ubiquitination
36685836,ubiquitination
36611207,ubiquitination
36016582,ubiquitination
33914773,ubiquitination
33414811,ubiquitination
42406224,endoplasmic reticulum stress
42186940,endoplasmic reticulum stress
42013548,endoplasmic reticulum stress
41805257,endoplasmic reticulum stress
41776478,endoplasmic reticulum stress
41644867,endoplasmic reticulum stress
41490177,endoplasmic reticulum stress
41362200,endoplasmic reticulum stress
41342545,endoplasmic reticulum stress
41333045,endoplasmic reticulum stress
40968569,endoplasmic reticulum stress
40950698,endoplasmic reticulum stress
40236629,endoplasmic reticulum stress
40234922,endoplasmic reticulum stress
40216868,endoplasmic reticulum stress
40169935,endoplasmic reticulum stress
40135381,endoplasmic reticulum stress
40061897,endoplasmic reticulum stress
39589828,endoplasmic reticulum stress
39462063,endoplasmic reticulum stress
39331119,endoplasmic reticulum stress
39296237,endoplasmic reticulum stress
39159861,endoplasmic reticulum stress
39145077,endoplasmic reticulum stress
39119088,endoplasmic reticulum stress
38811828,endoplasmic reticulum stress
38725627,endoplasmic reticulum stress
38725284,endoplasmic reticulum stress
38643190,endoplasmic reticulum stress
38363409,endoplasmic reticulum stress
38206293,endoplasmic reticulum stress
38167084,endoplasmic reticulum stress
38106991,endoplasmic reticulum stress
38104177,endoplasmic reticulum stress
37957902,endoplasmic reticulum stress
37945620,endoplasmic reticulum stress
37762157,endoplasmic reticulum stress
37653150,endoplasmic reticulum stress
37653101,endoplasmic reticulum stress
37647290,endoplasmic reticulum stress
37647077,endoplasmic reticulum stress
37643369,endoplasmic reticulum stress
37589214,endoplasmic reticulum stress
37328788,endoplasmic reticulum stress
37313465,endoplasmic reticulum stress
37294065,endoplasmic reticulum stress
37217516,endoplasmic reticulum stress
37189138,endoplasmic reticulum stress
37021255,endoplasmic reticulum stress
36899615,endoplasmic reticulum stress
36632751,endoplasmic reticulum stress
36581927,endoplasmic reticulum stress
36445321,endoplasmic reticulum stress
36400857,endoplasmic reticulum stress
36147499,endoplasmic reticulum stress
36120545,endoplasmic reticulum stress
36110953,endoplasmic reticulum stress
36092873,endoplasmic reticulum stress
36086718,endoplasmic reticulum stress
35992824,endoplasmic reticulum stress
35959432,endoplasmic reticulum stress
35847925,endoplasmic reticulum stress
35687183,endoplasmic reticulum stress
35614390,endoplasmic reticulum stress
35571564,endoplasmic reticulum stress
35480990,endoplasmic reticulum stress
34094926,endoplasmic reticulum stress
42169944,immunogenic cell death
41711659,immunogenic cell death
41604037,immunogenic cell death
41559128,immunogenic cell death
41229825,immunogenic cell death
41003828,immunogenic cell death
40959101,immunogenic cell death
40830197,immunogenic cell death
40257955,immunogenic cell death
39966805,immunogenic cell death
39834423,immunogenic cell death
39697740,immunogenic cell death
39262480,immunogenic cell death
39112745,immunogenic cell death
38988945,immunogenic cell death
38860758,immunogenic cell death
38849410,immunogenic cell death
38770169,immunogenic cell death
38713284,immunogenic cell death
38575204,immunogenic cell death
38560098,immunogenic cell death
38515694,immunogenic cell death
38461430,immunogenic cell death
38446321,immunogenic cell death
38410237,immunogenic cell death
38395786,immunogenic cell death
38229693,immunogenic cell death
38102594,immunogenic cell death
38023241,immunogenic cell death
37932413,immunogenic cell death
37932362,immunogenic cell death
37809045,immunogenic cell death
37781718,immunogenic cell death
37547766,immunogenic cell death
37543760,immunogenic cell death
37346077,immunogenic cell death
37291495,immunogenic cell death
37269346,immunogenic cell death
37250106,immunogenic cell death
37215130,immunogenic cell death
37142279,immunogenic cell death
37036471,immunogenic cell death
37025770,immunogenic cell death
37024802,immunogenic cell death
36998605,immunogenic cell death
36979463,immunogenic cell death
36932108,immunogenic cell death
36575346,immunogenic cell death
36479122,immunogenic cell death
36466923,immunogenic cell death
36429083,immunogenic cell death
36425071,immunogenic cell death
36419893,immunogenic cell death
36393842,immunogenic cell death
36325335,immunogenic cell death
36313374,immunogenic cell death
36248807,immunogenic cell death
36225939,immunogenic cell death
38239641,one-carbon metabolism
36968582,one-carbon metabolism
35927923,one-carbon metabolism
34589110,one-carbon metabolism
32582275,one-carbon metabolism
41803737,amino acid metabolism
41618991,amino acid metabolism
41361273,amino acid metabolism
41123823,amino acid metabolism
41035672,amino acid metabolism
40998932,amino acid metabolism
40257028,amino acid metabolism
39932613,amino acid metabolism
39353384,amino acid metabolism
39183890,amino acid metabolism
38983159,amino acid metabolism
38526709,amino acid metabolism
38512709,amino acid metabolism
38309289,amino acid metabolism
37580667,amino acid metabolism
37511510,amino acid metabolism
37340191,amino acid metabolism
36992704,amino acid metabolism
36892792,amino acid metabolism
36618700,amino acid metabolism
36313638,amino acid metabolism
36035152,amino acid metabolism
35992263,amino acid metabolism
35712285,amino acid metabolism
35646057,amino acid metabolism
34557495,amino acid metabolism
42077446,purine metabolism
42062129,purine metabolism
41310383,purine metabolism
41184358,purine metabolism
41088701,purine metabolism
41055774,purine metabolism
40995818,purine metabolism
40699765,purine metabolism
40547013,purine metabolism
40451811,purine metabolism
40435202,purine metabolism
40423834,purine metabolism
40419914,purine metabolism
40386292,purine metabolism
40229748,purine metabolism
40130175,purine metabolism
39966486,purine metabolism
39905839,purine metabolism
39889412,purine metabolism
39833465,purine metabolism
39732963,purine metabolism
39726587,purine metabolism
39717046,purine metabolism
39555060,purine metabolism
39546272,purine metabolism
39408693,purine metabolism
38965799,purine metabolism
38816366,purine metabolism
38636370,purine metabolism
38409934,purine metabolism
38143017,purine metabolism
38047487,purine metabolism
37905302,purine metabolism
37891201,purine metabolism
37780567,purine metabolism
37688492,purine metabolism
37466793,purine metabolism
37171335,purine metabolism
35568866,purine metabolism
35022464,purine metabolism
34852770,purine metabolism
34840598,purine metabolism
34734333,purine metabolism
34573357,purine metabolism
34558724,purine metabolism
34482808,purine metabolism
34416861,purine metabolism
34398021,purine metabolism
34373442,purine metabolism
34233576,purine metabolism
34187307,purine metabolism
34110327,purine metabolism
34011074,purine metabolism
33955330,purine metabolism
33952721,purine metabolism
33725886,purine metabolism
33628782,purine metabolism
33540684,purine metabolism
33520699,purine metabolism
33336591,purine metabolism
32972288,purine metabolism
32415873,purine metabolism
32111180,purine metabolism
32043594,purine metabolism
31808521,purine metabolism
30694912,purine metabolism
28753810,purine metabolism
41571605,neutrophil extracellular trap
41439762,neutrophil extracellular trap
40813603,neutrophil extracellular trap
40224984,neutrophil extracellular trap
40165145,neutrophil extracellular trap
40066454,neutrophil extracellular trap
39829399,neutrophil extracellular trap
39167030,neutrophil extracellular trap
38580851,neutrophil extracellular trap
37715643,neutrophil extracellular trap
42434232,telomere
42220126,telomere
42179790,telomere
41959623,telomere
41620921,telomere
41559780,telomere
41473739,telomere
41340128,telomere
41313509,telomere
41187981,telomere
40665355,telomere
40515885,telomere
40102883,telomere
40070565,telomere
40016654,telomere
39983416,telomere
39692822,telomere
39647324,telomere
39506437,telomere
39430825,telomere
39430816,telomere
39355254,telomere
39261898,telomere
39145097,telomere
39145075,telomere
38845982,telomere
38825615,telomere
38029531,telomere
37986388,telomere
37976136,telomere
37847171,telomere
37844405,telomere
37391503,telomere
37376725,telomere
37351101,telomere
36189312,telomere
42004699,SUMOylation
41761142,SUMOylation
40851084,SUMOylation
37433803,SUMOylation
35859792,SUMOylation
35598238,SUMOylation
39916426,alternative splicing
35282039,alternative splicing
34294080,alternative splicing
42510777,cancer-associated fibroblast
42469539,cancer-associated fibroblast
42440859,cancer-associated fibroblast
42399741,cancer-associated fibroblast
42381064,cancer-associated fibroblast
42319469,cancer-associated fibroblast
42183963,cancer-associated fibroblast
42169906,cancer-associated fibroblast
42051516,cancer-associated fibroblast
41942785,cancer-associated fibroblast
41882722,cancer-associated fibroblast
41840259,cancer-associated fibroblast
41832493,cancer-associated fibroblast
41823347,cancer-associated fibroblast
41815157,cancer-associated fibroblast
41674972,cancer-associated fibroblast
41663460,cancer-associated fibroblast
41624768,cancer-associated fibroblast
41601676,cancer-associated fibroblast
41572771,cancer-associated fibroblast
41562081,cancer-associated fibroblast
41551463,cancer-associated fibroblast
41535649,cancer-associated fibroblast
41533176,cancer-associated fibroblast
41529384,cancer-associated fibroblast
41485251,cancer-associated fibroblast
41462979,cancer-associated fibroblast
41422445,cancer-associated fibroblast
41345972,cancer-associated fibroblast
41339231,cancer-associated fibroblast
41276547,cancer-associated fibroblast
41261613,cancer-associated fibroblast
41239716,cancer-associated fibroblast
41238690,cancer-associated fibroblast
41235257,cancer-associated fibroblast
41234823,cancer-associated fibroblast
41225026,cancer-associated fibroblast
41208981,cancer-associated fibroblast
41094576,cancer-associated fibroblast
41087642,cancer-associated fibroblast
41074434,cancer-associated fibroblast
40977891,cancer-associated fibroblast
40963631,cancer-associated fibroblast
40917066,cancer-associated fibroblast
40909289,cancer-associated fibroblast
40859405,cancer-associated fibroblast
40843374,cancer-associated fibroblast
40781483,cancer-associated fibroblast
40676405,cancer-associated fibroblast
40615671,cancer-associated fibroblast
40607387,cancer-associated fibroblast
40592920,cancer-associated fibroblast
40591170,cancer-associated fibroblast
40547707,cancer-associated fibroblast
40541693,cancer-associated fibroblast
40517220,cancer-associated fibroblast
40417417,cancer-associated fibroblast
40407978,cancer-associated fibroblast
40400443,cancer-associated fibroblast
40383808,cancer-associated fibroblast
40360558,cancer-associated fibroblast
40347353,cancer-associated fibroblast
40313961,cancer-associated fibroblast
40279206,cancer-associated fibroblast
40226936,cancer-associated fibroblast
40206396,cancer-associated fibroblast
40181316,cancer-associated fibroblast
40145099,cancer-associated fibroblast
40124621,cancer-associated fibroblast
40098972,cancer-associated fibroblast
40045162,cancer-associated fibroblast
40041860,cancer-associated fibroblast
40018511,cancer-associated fibroblast
39769336,cancer-associated fibroblast
39503984,cancer-associated fibroblast
39369095,cancer-associated fibroblast
39342345,cancer-associated fibroblast
39332020,cancer-associated fibroblast
39314798,cancer-associated fibroblast
39308671,cancer-associated fibroblast
39262727,cancer-associated fibroblast
39254749,cancer-associated fibroblast
39181783,cancer-associated fibroblast
39142223,cancer-associated fibroblast
39110142,cancer-associated fibroblast
39075270,cancer-associated fibroblast
39060620,cancer-associated fibroblast
39021175,cancer-associated fibroblast
39017768,cancer-associated fibroblast
39006287,cancer-associated fibroblast
38946034,cancer-associated fibroblast
38851417,cancer-associated fibroblast
38850798,cancer-associated fibroblast
38728370,cancer-associated fibroblast
38714870,cancer-associated fibroblast
38714517,cancer-associated fibroblast
38627854,cancer-associated fibroblast
38590874,cancer-associated fibroblast
38547657,cancer-associated fibroblast
38526745,cancer-associated fibroblast
38520221,cancer-associated fibroblast
38466483,cancer-associated fibroblast
38462626,cancer-associated fibroblast
38449793,cancer-associated fibroblast
38322675,cancer-associated fibroblast
38312843,cancer-associated fibroblast
38279482,cancer-associated fibroblast
38235137,cancer-associated fibroblast
38221616,cancer-associated fibroblast
38159970,cancer-associated fibroblast
38099288,cancer-associated fibroblast
38029947,cancer-associated fibroblast
37960718,cancer-associated fibroblast
37950728,cancer-associated fibroblast
37903936,cancer-associated fibroblast
37880682,cancer-associated fibroblast
37749482,cancer-associated fibroblast
37730847,cancer-associated fibroblast
37726803,cancer-associated fibroblast
37719863,cancer-associated fibroblast
37717621,cancer-associated fibroblast
37701101,cancer-associated fibroblast
37685980,cancer-associated fibroblast
37661904,cancer-associated fibroblast
37658364,cancer-associated fibroblast
37634448,cancer-associated fibroblast
37594617,cancer-associated fibroblast
37575248,cancer-associated fibroblast
37397364,cancer-associated fibroblast
37325647,cancer-associated fibroblast
37318649,cancer-associated fibroblast
37313409,cancer-associated fibroblast
37280069,cancer-associated fibroblast
37246449,cancer-associated fibroblast
37234985,cancer-associated fibroblast
37207166,cancer-associated fibroblast
37173373,cancer-associated fibroblast
37144238,cancer-associated fibroblast
37142271,cancer-associated fibroblast
37124542,cancer-associated fibroblast
37065499,cancer-associated fibroblast
36938461,cancer-associated fibroblast
36897717,cancer-associated fibroblast
36834729,cancer-associated fibroblast
36744128,cancer-associated fibroblast
36700197,cancer-associated fibroblast
36569351,cancer-associated fibroblast
36568368,cancer-associated fibroblast
36510567,cancer-associated fibroblast
36506313,cancer-associated fibroblast
36425941,cancer-associated fibroblast
36404634,cancer-associated fibroblast
36313456,cancer-associated fibroblast
36299502,cancer-associated fibroblast
36275659,cancer-associated fibroblast
36212154,cancer-associated fibroblast
36211448,cancer-associated fibroblast
36105798,cancer-associated fibroblast
36105083,cancer-associated fibroblast
35958598,cancer-associated fibroblast
35910200,cancer-associated fibroblast
35899200,cancer-associated fibroblast
35874676,cancer-associated fibroblast
35873482,cancer-associated fibroblast
35739492,cancer-associated fibroblast
35720278,cancer-associated fibroblast
35663751,cancer-associated fibroblast
35382776,cancer-associated fibroblast
35144613,cancer-associated fibroblast
34746312,cancer-associated fibroblast
34735373,cancer-associated fibroblast
34692770,cancer-associated fibroblast
34670584,cancer-associated fibroblast
33408272,cancer-associated fibroblast
33392181,cancer-associated fibroblast
42508130,circular RNA
40724932,circular RNA
37969381,circular RNA
37426414,circular RNA
36483555,circular RNA
36300085,circular RNA
35982735,circular RNA
35559038,circular RNA
34497684,circular RNA
34294687,circular RNA
33969120,circular RNA
33514881,circular RNA
31781492,circular RNA
42238050,chromatin regulator
41836251,chromatin regulator
41692938,chromatin regulator
41668174,chromatin regulator
41366455,chromatin regulator
41272036,chromatin regulator
40908175,chromatin regulator
40728646,chromatin regulator
40317384,chromatin regulator
40080320,chromatin regulator
39932052,chromatin regulator
39014265,chromatin regulator
38662757,chromatin regulator
38617504,chromatin regulator
38482221,chromatin regulator
38410230,chromatin regulator
38042284,chromatin regulator
37903974,chromatin regulator
37578081,chromatin regulator
37362244,chromatin regulator
37224123,chromatin regulator
36941564,chromatin regulator
36936912,chromatin regulator
36647875,chromatin regulator
36324565,chromatin regulator
36253800,chromatin regulator
36092923,chromatin regulator
36092868,chromatin regulator
36033536,chromatin regulator
35691273,chromatin regulator
35532293,chromatin regulator
34993155,chromatin regulator
28748001,chromatin regulator
40949882,histone modification
40241525,histone modification
38520216,histone modification
37730879,histone modification
37565774,histone modification
36199574,histone modification
34090418,histone modification
42680704,DNA damage repair
42534167,DNA damage repair
42305460,DNA damage repair
42240807,DNA damage repair
42207441,DNA damage repair
42206268,DNA damage repair
42191940,DNA damage repair
42180934,DNA damage repair
42169914,DNA damage repair
41986494,DNA damage repair
41977253,DNA damage repair
41934523,DNA damage repair
41929516,DNA damage repair
41761968,DNA damage repair
41748810,DNA damage repair
41527515,DNA damage repair
41436687,DNA damage repair
41377059,DNA damage repair
41310925,DNA damage repair
41202314,DNA damage repair
41181127,DNA damage repair
41008826,DNA damage repair
40963600,DNA damage repair
40530129,DNA damage repair
40405133,DNA damage repair
40372570,DNA damage repair
40356925,DNA damage repair
40301641,DNA damage repair
40275315,DNA damage repair
40177272,DNA damage repair
40172678,DNA damage repair
39994841,DNA damage repair
39794414,DNA damage repair
39697739,DNA damage repair
39414634,DNA damage repair
39252197,DNA damage repair
39249499,DNA damage repair
38989431,DNA damage repair
38859773,DNA damage repair
38824255,DNA damage repair
38478326,DNA damage repair
38404591,DNA damage repair
38326754,DNA damage repair
38261733,DNA damage repair
38241554,DNA damage repair
38152367,DNA damage repair
38136595,DNA damage repair
38025539,DNA damage repair
37969376,DNA damage repair
37954334,DNA damage repair
37923899,DNA damage repair
37919061,DNA damage repair
37915566,DNA damage repair
37876625,DNA damage repair
37805443,DNA damage repair
37789154,DNA damage repair
37666951,DNA damage repair
37656244,DNA damage repair
37606102,DNA damage repair
37564935,DNA damage repair
37457685,DNA damage repair
37449209,DNA damage repair
37350936,DNA damage repair
37270097,DNA damage repair
37016451,DNA damage repair
36816926,DNA damage repair
36673982,DNA damage repair
36672781,DNA damage repair
36647009,DNA damage repair
36568230,DNA damage repair
36468004,DNA damage repair
36408135,DNA damage repair
36281462,DNA damage repair
36211815,DNA damage repair
36185284,DNA damage repair
36159855,DNA damage repair
36046250,DNA damage repair
35991889,DNA damage repair
35978902,DNA damage repair
35957812,DNA damage repair
35941578,DNA damage repair
35834099,DNA damage repair
35814441,DNA damage repair
35783192,DNA damage repair
35777046,DNA damage repair
35656315,DNA damage repair
35646665,DNA damage repair
35615996,DNA damage repair
35496321,DNA damage repair
35368888,DNA damage repair
35264195,DNA damage repair
35251577,DNA damage repair
35251167,DNA damage repair
34938313,DNA damage repair
34839264,DNA damage repair
34721973,DNA damage repair
34717566,DNA damage repair
34660326,DNA damage repair
34621746,DNA damage repair
34408776,DNA damage repair
34335745,DNA damage repair
34279196,DNA damage repair
34167490,DNA damage repair
34149792,DNA damage repair
33785812,DNA damage repair
33653241,DNA damage repair
33519919,DNA damage repair
33442399,DNA damage repair
33407221,DNA damage repair
33304656,DNA damage repair
33282911,DNA damage repair
33017027,DNA damage repair
32952113,DNA damage repair
32922534,DNA damage repair
32882325,DNA damage repair
32863893,DNA damage repair
32211413,DNA damage repair
31533943,DNA damage repair
31322267,DNA damage repair
31054516,DNA damage repair
30593585,DNA damage repair
26746117,DNA damage repair
