dataset,Cancer type,K_celltypes,total_cells,lineage_coverage_0to4,missing_categories,min_celltype_n,min_celltype_name,below_20cell_sensitivity_threshold,unmapped_celltypes,Models using this dataset (of 282),Of which FDR-significant,"H1a (TME-concentrated, non-tautological)","H1b (self-concentrated, non-tautological)"
ALL_GSE132509,Acute lymphoblastic leukemia,7,37936,2,Stromal_Vascular;Epithelial_mixed,1162,Tprolif,False,,1,0,0,0
AML_GSE116256,Acute myeloid leukemia,13,38348,2,Stromal_Vascular;Epithelial_mixed,400,Tprolif,False,,9,0,0,0
BLCA_GSE130001,Bladder cancer,4,4129,2,Malignant;Immune_Hematopoietic,70,Myofibroblasts,False,,12,2,1,0
CESC_GSE168652,Cervical cancer,7,22998,3,Epithelial_mixed,167,Mono/Macro,False,,3,0,0,0
GSE151530,Hepatocellular carcinoma,6,48318,3,Epithelial_mixed,1459,CAFs,False,,40,10,0,10
GSE167297,Gastric cancer,9,22464,3,Malignant,318,Mast,False,,18,3,3,0
GSE176078,Breast cancer,9,100064,4,(none missing),3206,B-cells,False,,28,9,2,6
GSE81861,Colorectal cancer,7,577,3,Malignant,4,MastCell,True,,30,4,2,0
Glioma_GSE131928,Glioma,8,13558,3,Epithelial_mixed,197,CD8Tex,False,,18,2,0,2
HNSC_GSE139324,Head and neck squamous cell carcinoma,11,130721,1,Malignant;Stromal_Vascular;Epithelial_mixed,498,Mast,False,,3,0,0,0
KIRC_GSE159115,Clear cell renal cell carcinoma,8,27669,4,(none missing),82,Erythroblasts,False,,7,0,0,0
MB_GSE155446,Medulloblastoma,4,37445,2,Stromal_Vascular;Epithelial_mixed,264,Neutrophils,False,,1,1,0,1
NSCLC_GSE131907,Non-small cell lung cancer,3,67224,1,Malignant;Stromal_Vascular;Epithelial_mixed,4174,CD8T,False,,37,7,7,0
OSCC_GSE172577,Oral squamous cell carcinoma,11,57503,4,(none missing),421,Treg,False,,5,1,0,0
OS_GSE162454,Osteosarcoma,8,46544,3,Epithelial_mixed,979,Endothelial,False,,14,2,0,2
OV_GSE154600,Ovarian cancer,11,42583,4,(none missing),499,Tprolif,False,,9,3,1,2
PAAD_GSE154778,Pancreatic cancer,6,14953,4,(none missing),148,Plasma,False,,10,0,0,0
PRAD_GSE172301,Prostate cancer,9,104021,3,Malignant,339,Plasma,False,,8,2,1,0
SKCM_GSE120575,Melanoma,10,16291,1,Malignant;Stromal_Vascular;Epithelial_mixed,284,DC,False,,12,4,4,0
UCEC_GSE139555,Endometrial carcinoma,6,12758,2,Malignant;Epithelial_mixed,66,Fibroblasts,False,,15,4,4,0
UVM_GSE139829,Uveal melanoma,8,103703,3,Epithelial_mixed,472,B,False,,2,0,0,0
