PMCID,model_id,标题,癌种(归因参考图谱),参考数据集,基因数,K_细胞类型数,众数细胞类型,众数细胞类型大类,二项检验p值,FDR校正q值,FDR<0.05显著,基因数<6检验功效不足,候选池同义重复,来源批次
PMC10022822,PMC10022822,Comprehensive analysis of autophagy-related clusters and individual risk model for immunotherapy response prediction in gastric cancer,胃癌,GSE167297,4,9,DC,Immune_Hematopoietic,0.3757049230300259,0.393929,False,True,False,miss_pool_recovery_173
PMC10043308,PMC10043308,Development and validation of a combined hypoxia and ferroptosis prognostic signature for breast cancer,乳腺癌,GSE176078,10,9,Cancer Epithelial,Malignant,0.0905965326991262,0.180551,False,False,False,miss_pool_recovery_173
PMC10056698,PMC10056698,A Five Glutamine-Associated Signature Predicts Prognosis of Prostate Cancer and Links Glutamine Metabolism with Tumor Microenvironment,前列腺癌,PRAD_GSE172301,5,9,SMC,Stromal_Vascular,0.4450710426933563,0.454284,False,True,False,miss_pool_recovery_173
PMC10125743,PMC10125743,Glycolytic Genes Predict Immune Status and Prognosis Non-Small-Cell Lung Cancer Patients with Radiotherapy and Chemotherapy,非小细胞肺癌,NSCLC_GSE131907,3,3,CD8T,Immune_Hematopoietic,0.2592592592592592,0.318594,False,True,False,miss_pool_recovery_173
PMC10290322,PMC10290322,Development and validation of a two glycolysis-related LncRNAs prognostic signature for glioma and in vitro analyses,胶质瘤,Glioma_GSE131928,34,8,MES-like Malignant,Malignant,5.003528889017496e-06,0.000234,True,False,False,miss_pool_recovery_173
PMC10522364,PMC10522364,NRP1 regulates autophagy and proliferation of gastric cancer through Wnt/β-catenin signaling pathway,胃癌,GSE167297,22,9,Fibroblasts,Stromal_Vascular,0.0003297448798644,0.005352,True,False,False,miss_pool_recovery_173
PMC10599730,PMC10599730,Identification of an endoplasmic reticulum stress-related prognostic risk model with excellent prognostic and clinical value in oral squamous cell carcinoma,口腔鳞癌,OSCC_GSE172577,3,11,Endothelial,Stromal_Vascular,0.0232907588279489,0.084996,False,True,False,miss_pool_recovery_173
PMC10616163,PMC10616163,"Seven chromatin regulators as immune cell infiltration characteristics, potential diagnostic biomarkers and drugs prediction in hepatocellular carcinoma",肝细胞癌,GSE151530,6,6,Malignant cells,Malignant,0.2632244513031549,0.318594,False,False,False,miss_pool_recovery_173
PMC10620278,PMC10620278,An endoplasmic reticulum stress-related signature could robustly predict prognosis and closely associate with response to immunotherapy in pancreatic ductal adenocarcinoma,胰腺癌,PAAD_GSE154778,8,6,Mono/Macro,Immune_Hematopoietic,0.0306564119417771,0.097891,False,False,False,miss_pool_recovery_173
PMC10662873,PMC10662873,Development of a prognostic signature based on anoikis-related genes in hepatocellular carcinoma with the utilization of LASSO-cox method,肝细胞癌,GSE151530,5,6,Malignant cells,Malignant,0.0354938271604938,0.09875,False,True,False,miss_pool_recovery_173
PMC10663558,PMC10663558,EMT-related gene risk model establishment for prognosis and drug treatment efficiency prediction in hepatocellular carcinoma,肝细胞癌,GSE151530,4,6,CAFs,Stromal_Vascular,0.1319444444444444,0.208294,False,True,False,miss_pool_recovery_173
PMC10666655,PMC10666655,An Exosome-Related Long Non-coding RNA (lncRNA)-Based Signature for Prognosis and Therapeutic Interventions in Lung Adenocarcinoma,非小细胞肺癌,NSCLC_GSE131907,1,3,CD4Tconv,Immune_Hematopoietic,0.3333333333333333,0.358876,False,True,False,miss_pool_recovery_173
PMC10683585,PMC10683585,The development and experimental validation of hypoxia-related long noncoding RNAs prognostic signature in predicting prognosis and immunotherapy of cutaneous melanoma,黑色素瘤,SKCM_GSE120575,4,10,Treg,Immune_Hematopoietic,0.3439,0.368839,False,True,False,miss_pool_recovery_173
PMC10709318,PMC10709318,A breast cancer classification and immune landscape analysis based on cancer stem-cell-related risk panel,乳腺癌,GSE176078,10,9,Endothelial,Stromal_Vascular,0.0905965326991262,0.180551,False,False,False,miss_pool_recovery_173
PMC10721979,PMC10721979,A risk signature based on endoplasmic reticulum stress-associated genes predicts prognosis and immunity in pancreatic cancer,胰腺癌,PAAD_GSE154778,11,6,Plasma,Immune_Hematopoietic,0.2732248769956943,0.325323,False,False,False,miss_pool_recovery_173
PMC10829884,PMC10829884,Experimental prognostic model integrating N6-methyladenosine-related programmed cell death genes in colorectal cancer,结直肠癌,GSE81861,9,7,Epithelial,Epithelial_mixed,0.0288094940311035,0.095241,False,False,False,miss_pool_recovery_173
PMC10851502,PMC10851502,Identification of a DNA damage repair-related LncRNA signature for predicting the prognosis and immunotherapy response of hepatocellular carcinoma,肝细胞癌,GSE151530,1,6,Malignant cells,Malignant,0.1666666666666666,0.240171,False,True,False,miss_pool_recovery_173
PMC10861726,PMC10861726,An angiogenesis-associated gene-based signature predicting prognosis and immunotherapy efficacy of head and neck squamous cell carcinoma patients,头颈鳞癌,HNSC_GSE139324,4,11,Mono/Macro,Immune_Hematopoietic,0.043781162488901,0.111841,False,True,False,miss_pool_recovery_173
PMC10873882,PMC10873882,PANoptosis-related long non-coding RNA signature to predict the prognosis and immune landscapes of pancreatic adenocarcinoma,胰腺癌,PAAD_GSE154778,4,6,Epithelial,Epithelial_mixed,0.1319444444444444,0.208294,False,True,False,miss_pool_recovery_173
PMC10909728,PMC10909728,Classification of molecular subtypes for colorectal cancer and development of a prognostic model based on necroptosis-related genes,结直肠癌,GSE81861,8,7,Macrophage,Immune_Hematopoietic,0.3201666458217726,0.352811,False,False,False,miss_pool_recovery_173
PMC10911888,PMC10911888,Lipid Metabolism-Related Gene Signature Predicts Prognosis and Indicates Immune Microenvironment Infiltration in Advanced Gastric Cancer,胃癌,GSE167297,5,9,Fibroblasts,Stromal_Vascular,0.0982404443767041,0.187793,False,True,False,miss_pool_recovery_173
PMC10933109,PMC10933109,"A hypoxia-related genes prognostic risk model, and mechanisms of hypoxia contributing to poor prognosis through immune microenvironment and drug resistance in acute myeloid leukemia",急性髓系白血病,AML_GSE116256,2,13,Tprolif,Immune_Hematopoietic,0.1479289940828402,0.224692,False,True,False,miss_pool_recovery_173
PMC10981052,PMC10981052,Identification of cellular senescence-associated genes as new biomarkers for predicting the prognosis and immunotherapy response of non-small cell lung cancer and construction of a prognostic model,非小细胞肺癌,NSCLC_GSE131907,12,3,CD8T,Immune_Hematopoietic,0.3684792855650957,0.392207,False,False,False,miss_pool_recovery_173
PMC10985269,PMC10985269,Constructing lactylation-related genes prognostic model to effectively predict the disease-free survival and treatment responsiveness in prostate cancer based on machine learning,前列腺癌,PRAD_GSE172301,4,9,Epithelial,Epithelial_mixed,0.3757049230300259,0.393929,False,True,False,miss_pool_recovery_173
PMC10986118,PMC10986118,Construction and validation of a hypoxia-related gene signature to predict the prognosis of breast cancer,乳腺癌,GSE176078,9,9,Cancer Epithelial,Malignant,0.0001171466179219,0.002195,True,False,False,miss_pool_recovery_173
PMC11025768,PMC11025768,Integration of single-cell RNA-seq and bulk RNA-seq to construct liver hepatocellular carcinoma stem cell signatures to explore their impact on patient prognosis and treatment,肝细胞癌,GSE151530,4,6,Malignant cells,Malignant,0.1319444444444444,0.208294,False,True,False,miss_pool_recovery_173
PMC11031923,PMC11031923,Endoplasmic reticulum stress-related genes as prognostic and immunogenic biomarkers in prostate cancer,前列腺癌,PRAD_GSE172301,2,9,Epithelial,Epithelial_mixed,0.0123456790123456,0.058799,False,True,False,miss_pool_recovery_173
PMC11057184,PMC11057184,Predictive significance of glycolysis-associated lncRNA profiles in colorectal cancer progression,结直肠癌,GSE81861,2,7,Epithelial,Epithelial_mixed,0.2653061224489796,0.318594,False,True,False,miss_pool_recovery_173
PMC11102376,PMC11102376,An exosomes-related lncRNA prognostic model correlates with the immune microenvironment and therapy response in lung adenocarcinoma,非小细胞肺癌,NSCLC_GSE131907,13,3,CD8T,Immune_Hematopoietic,0.0016477213212128,0.014031,True,False,False,miss_pool_recovery_173
PMC11134425,PMC11134425,Identification and validation of a novel apoptosis-related prognostic risk score model for lung adenocarcinoma,非小细胞肺癌,NSCLC_GSE131907,9,3,CD8T,Immune_Hematopoietic,0.0424223949601178,0.110773,False,False,False,miss_pool_recovery_173
PMC11137026,PMC11137026,Characterization of an endoplasmic reticulum stress-associated lncRNA prognostic signature and the tumor-suppressive role of RP11-295G20.2 knockdown in lung adenocarcinoma,非小细胞肺癌,NSCLC_GSE131907,6,3,B,Immune_Hematopoietic,0.3196159122085047,0.352811,False,False,False,miss_pool_recovery_173
PMC11153201,PMC11153201,A telomere-related gene risk model for predicting prognosis and treatment response in acute myeloid leukemia,急性髓系白血病,AML_GSE116256,8,13,EryPro,Immune_Hematopoietic,0.0189854428689587,0.073081,False,False,False,miss_pool_recovery_173
PMC11164498,PMC11164498,A cuproptosis-based prognostic model for predicting survival in low-grade glioma,胶质瘤,Glioma_GSE131928,4,8,AC-like Malignant,Malignant,0.078857421875,0.160572,False,True,False,miss_pool_recovery_173
PMC11197043,PMC11197043,Identification of novel disulfidptosis‐related lncRNA signatures to predict the prognosis and immune microenvironment of skin cutaneous melanoma patients,黑色素瘤,SKCM_GSE120575,21,10,Mono/Macro,Immune_Hematopoietic,0.0032727938845204,0.02237,True,False,False,miss_pool_recovery_173
PMC11261139,PMC11261139,Development of a novel prognostic signature for colorectal cancer based on angiogenesis-related genes,结直肠癌,GSE81861,2,7,Endothelial,Stromal_Vascular,0.2653061224489796,0.318594,False,True,False,miss_pool_recovery_173
PMC11302292,PMC11302292,Development of prognostic model incorporating a ferroptosis/cuproptosis-related signature and mutational landscape analysis in muscle-invasive bladder cancer,膀胱癌,BLCA_GSE130001,3,4,Epithelial,Epithelial_mixed,0.578125,0.578125,False,True,False,miss_pool_recovery_173
PMC11315143,PMC11315143,Integrative analyses of genes associated with oxidative stress and cellular senescence in triple-negative breast cancer,乳腺癌,GSE176078,15,9,Endothelial,Stromal_Vascular,0.0764692476356837,0.160572,False,False,False,miss_pool_recovery_173
PMC11319968,PMC11319968,Identification of a novel cellular senescence-related lncRNA signature for prognosis and immune response in osteosarcoma,骨肉瘤,OS_GSE162454,4,8,Malignant,Malignant,0.078857421875,0.160572,False,True,False,miss_pool_recovery_173
PMC11331578,PMC11331578,A Pyroptosis-Related Gene Signature Predicts Prognosis and Tumor Immune Microenvironment in Colorectal Cancer,结直肠癌,GSE81861,9,7,Epithelial,Epithelial_mixed,0.1259285446279932,0.208294,False,False,False,miss_pool_recovery_173
PMC11336873,PMC11336873,Construction of lncRNA prognostic model related to disulfidptosis in lung adenocarcinoma,非小细胞肺癌,NSCLC_GSE131907,2,3,B,Immune_Hematopoietic,0.5555555555555556,0.55754,False,True,False,miss_pool_recovery_173
PMC11349728,PMC11349728,A novel model based on lipid metabolism-related genes associated with immune microenvironment predicts metastasis of breast cancer,乳腺癌,GSE176078,6,9,Normal Epithelial,Epithelial_mixed,0.1367771775229987,0.210024,False,False,False,miss_pool_recovery_173
PMC11417173,PMC11417173,A necroptosis-regulated model from single-cell analysis that predicts survival and identifies the Pivotal role of MAGEA6 in hepatocellular carcinoma,肝细胞癌,GSE151530,6,6,Malignant cells,Malignant,0.008701989026063,0.047182,True,False,False,miss_pool_recovery_173
PMC11427372,PMC11427372,Comprehensive identification of a disulfidptosis-associated long non-coding RNA signature to predict the prognosis and treatment options in ovarian cancer,卵巢癌,OV_GSE154600,2,11,Fibroblasts,Stromal_Vascular,0.1735537190082644,0.246306,False,True,False,miss_pool_recovery_173
PMC11458410,PMC11458410,Mitochondrial-related genes as prognostic and metastatic markers in breast cancer: insights from comprehensive analysis and clinical models,乳腺癌,GSE176078,9,9,Cancer Epithelial,Malignant,0.0014492806032259,0.013137,True,False,False,miss_pool_recovery_173
PMC11496652,PMC11496652,C6 and KLRG2 are pyroptosis subtype-related prognostic biomarkers and correlated with tumor-infiltrating lymphocytes in lung adenocarcinoma,非小细胞肺癌,NSCLC_GSE131907,20,3,CD8T,Immune_Hematopoietic,0.1905488715647148,0.266389,False,False,False,miss_pool_recovery_173
PMC11521951,PMC11521951,"Explore the expression of mitochondria-related genes to construct prognostic risk model for ovarian cancer and validate it, so as to provide optimized treatment for ovarian cancer",卵巢癌,OV_GSE154600,11,11,Malignant,Malignant,0.0133596729598801,0.062568,False,False,False,miss_pool_recovery_173
PMC11537572,PMC11537572,"Construction of a prognostic model based on cuproptosis-related patterns for predicting survival, immune infiltration, and immunotherapy efficacy in breast cancer: Cuproptosis-based prognostic modeling in breast cancer",乳腺癌,GSE176078,21,9,Endothelial,Stromal_Vascular,3.94112453778807e-07,6.7e-05,True,False,False,miss_pool_recovery_173
PMC11557307,PMC11557307,Integrated multi-level omics profiling of disulfidptosis identifis SPAG4 as an innovative immunotherapeutic target in glioblastoma,胶质瘤,Glioma_GSE131928,3,8,AC-like Malignant,Malignant,0.330078125,0.356874,False,True,False,miss_pool_recovery_173
PMC11586327,PMC11586327,Predicting survival in bladder cancer with a novel apoptotic gene-related prognostic model,膀胱癌,BLCA_GSE130001,6,4,Endothelial,Stromal_Vascular,0.466064453125,0.472795,False,False,False,miss_pool_recovery_173
PMC11606104,PMC11606104,Analysis and experimental validation of disulfidptosis related genes solute carrier family 3 member 2 (SLC3A2) in endometrial cancer,子宫内膜癌,UCEC_GSE139555,6,6,Fibroblasts,Stromal_Vascular,2.1433470507544573e-05,0.000559,True,False,False,miss_pool_recovery_173
PMC11625674,PMC11625674,A novel necroptosis-related genes signature to predict prognosis and treatment response in bladder cancer,膀胱癌,BLCA_GSE130001,6,4,Fibroblasts,Stromal_Vascular,0.03759765625,0.102572,False,False,False,miss_pool_recovery_173
PMC11657287,PMC11657287,Cross-talk between cuproptosis and ferroptosis to identify immune landscape in cervical cancer for mRNA vaccines development,宫颈癌,CESC_GSE168652,4,7,Mono/Macro,Immune_Hematopoietic,0.100374843815077,0.189298,False,True,False,miss_pool_recovery_173
PMC11666862,PMC11666862,Cellular Senescence-Related Long Non-coding RNA Signatures Predict Prognosis in Juvenile Osteosarcoma,骨肉瘤,OS_GSE162454,5,8,Fibroblasts,Stromal_Vascular,0.01605224609375,0.067959,False,True,False,miss_pool_recovery_173
PMC11700244,PMC11700244,Construction and evaluation of a prognostic model of autophagy-related genes in hepatocellular carcinoma,肝细胞癌,GSE151530,4,6,Malignant cells,Malignant,0.1319444444444444,0.208294,False,True,False,miss_pool_recovery_173
PMC11717914,PMC11717914,A novel mitochondrial-related risk model for predicting prognosis and immune checkpoint blockade therapy response in uterine corpus endometrial carcinoma,子宫内膜癌,UCEC_GSE139555,5,6,Fibroblasts,Stromal_Vascular,0.0354938271604938,0.09875,False,True,False,miss_pool_recovery_173
PMC11751285,PMC11751285,Autophagy-related long non-coding RNA MIR210HG plays a therapeutic role in hepatocellular carcinoma,肝细胞癌,GSE151530,4,6,Malignant cells,Malignant,0.0007716049382716,0.008273,True,True,False,miss_pool_recovery_173
PMC11781745,PMC11781745,Identification of cuproptosis and ferroptosis-related subtypes and development of a prognostic signature in colon cancer,结直肠癌,GSE81861,7,7,Epithelial,Epithelial_mixed,0.0652291380049372,0.149019,False,False,False,miss_pool_recovery_173
PMC11807950,PMC11807950,Identification of mitophagy-related genes impacting patient survival in glioma,胶质瘤,Glioma_GSE131928,9,8,NPC-like Malignant,Malignant,0.0182602405548095,0.072908,False,False,False,miss_pool_recovery_173
PMC11813837,PMC11813837,Identification of inflammation-related genes signature to establish a prognostic model in MGMT unmethylated glioblastoma patients,胶质瘤,Glioma_GSE131928,7,8,MES-like Malignant,Malignant,0.0463099479675293,0.116188,False,False,False,miss_pool_recovery_173
PMC11864952,PMC11864952,Creation of an innovative diagnostic framework for hepatocellular carcinoma employing bioinformatics techniques focused on senescence-related and pyroptosis-related genes,肝细胞癌,GSE151530,5,6,Malignant cells,Malignant,0.1962448559670782,0.270318,False,True,False,miss_pool_recovery_173
PMC11868076,PMC11868076,Identification of potential diagnostic targets and therapeutic strategies for anoikis-related biomarkers in lung squamous cell carcinoma using machine learning and computational virtual screening,非小细胞肺癌,NSCLC_GSE131907,8,3,CD8T,Immune_Hematopoietic,0.0025910684346898,0.01916,True,False,False,miss_pool_recovery_173
PMC11880812,PMC11880812,A novel glycolysis-related gene signature for predicting prognosis and immunotherapy efficacy in breast cancer,乳腺癌,GSE176078,10,9,Cancer Epithelial,Malignant,0.018421654341914,0.072908,False,False,False,miss_pool_recovery_173
PMC11926318,PMC11926318,An innovative glutamine metabolism-related gene signature for predicting prognosis and immune landscape in cervical cancer,宫颈癌,CESC_GSE168652,3,7,Mono/Macro,Immune_Hematopoietic,0.0553935860058309,0.133039,False,True,False,miss_pool_recovery_173
PMC11979277,PMC11979277,Prognostic and immunotherapeutic potential of disulfidptosis-associated signature in pancreatic cancer,胰腺癌,PAAD_GSE154778,8,6,Malignant,Malignant,0.1348468935756744,0.210024,False,False,False,miss_pool_recovery_173
PMC11999454,PMC11999454,Construction of a prognostic model for autophagy-related LncRNAs in lung adenocarcinoma,非小细胞肺癌,NSCLC_GSE131907,6,3,B,Immune_Hematopoietic,0.3196159122085047,0.352811,False,False,False,miss_pool_recovery_173
PMC12047218,PMC12047218,"A prognostic glycolysis-related gene signature in osteosarcoma: implications for metabolic programming, immune microenvironment, and drug response",骨肉瘤,OS_GSE162454,4,8,Malignant,Malignant,0.078857421875,0.160572,False,True,False,miss_pool_recovery_173
PMC12082951,PMC12082951,Novel exosome-associated LncRNA model predicts colorectal cancer prognosis and drug response,结直肠癌,GSE81861,1,7,Fibroblast,Stromal_Vascular,0.1428571428571428,0.218168,False,True,False,miss_pool_recovery_173
PMC12109955,PMC12109955,PAICS-Driven Purine Biosynthesis and Its Prognostic Implications in Lung Adenocarcinoma: A Novel Risk Stratification Model and Therapeutic Insights,非小细胞肺癌,NSCLC_GSE131907,5,3,B,Immune_Hematopoietic,0.2098765432098765,0.282179,False,True,False,miss_pool_recovery_173
PMC12210501,PMC12210501,Prognostic model of lung adenocarcinoma based on disulfidptosis-related genes and analysis of in vitro cell experiments for PPP1R14B in the model,非小细胞肺癌,NSCLC_GSE131907,4,3,CD8T,Immune_Hematopoietic,0.4074074074074074,0.424005,False,True,False,miss_pool_recovery_173
PMC12215040,PMC12215040,Identification of Autophagy-Related Prognostic Signature for Glioblastoma Standard Therapy,胶质瘤,Glioma_GSE131928,4,8,MES-like Malignant,Malignant,0.078857421875,0.160572,False,True,False,miss_pool_recovery_173
PMC12218319,PMC12218319,Oxidative stress gene expression in ulcerative colitis: implications for colon cancer biomarker discovery,结直肠癌,GSE81861,59,7,Epithelial,Epithelial_mixed,1.0358262431814931e-05,0.000364,True,False,False,miss_pool_recovery_173
PMC12246268,PMC12246268,Cellular senescence and disulfide death-related genes as biological markers of breast cancer prognosis,乳腺癌,GSE176078,17,9,Cancer Epithelial,Malignant,2.6528810983623504e-06,0.000172,True,False,False,miss_pool_recovery_173
PMC12254108,PMC12254108,Exploring the role of PANoptosis related genes in the prognosis of oral squamous cell carcinoma subtypes based on multi-omics analysis,口腔鳞癌,OSCC_GSE172577,8,11,Treg,Immune_Hematopoietic,0.0296646491637544,0.096928,False,False,False,miss_pool_recovery_173
PMC12273967,PMC12273967,"Mechanistic investigation of glycolysis and pyroptosis in colon adenocarcinoma tissues, and prognostic analysis of patient clinical outcomes",结直肠癌,GSE81861,7,7,Macrophage,Immune_Hematopoietic,0.2635138663069203,0.318594,False,False,False,miss_pool_recovery_173
PMC12311075,PMC12311075,Comprehensive analysis of cholesterol metabolism-related genes in prostate cancer: integrated analysis of single-cell and bulk RNA sequencing,前列腺癌,PRAD_GSE172301,18,9,Epithelial,Epithelial_mixed,0.0003618816748805,0.005352,True,False,False,miss_pool_recovery_173
PMC12318951,PMC12318951,The pyroptosis-related gene signature predicts prognosis and reveals immune microenvironment infiltration in reclassified glioblastoma based on 2021 WHO classification,胶质瘤,Glioma_GSE131928,2,8,Mono/Macro,Immune_Hematopoietic,0.234375,0.304905,False,True,False,miss_pool_recovery_173
PMC12353749,PMC12353749,Oxidative stress-related genes in uveal melanoma: the role of CALM1 in modulating oxidative stress and apoptosis and its prognostic significance,黑色素瘤,SKCM_GSE120575,3,10,DC,Immune_Hematopoietic,0.271,0.324047,False,True,False,miss_pool_recovery_173
PMC12382188,PMC12382188,Integrated single-cell and bulk transcriptomic profiling reveals cancer-associated fibroblast heterogeneity in glioblastoma and establishes a clinically actionable prognostic model and preliminary experimental validation,胶质瘤,Glioma_GSE131928,3,8,Mono/Macro,Immune_Hematopoietic,0.330078125,0.356874,False,True,False,miss_pool_recovery_173
PMC12391097,PMC12391097,Construction and immunohistochemical validation of a necroptosis-related prognostic signature in bladder cancer and its association with tumor immune infiltration,膀胱癌,BLCA_GSE130001,4,4,Endothelial,Stromal_Vascular,0.26171875,0.318594,False,True,False,miss_pool_recovery_173
PMC12399450,PMC12399450,Identification and validation of prognostic genes associated with mitochondrial nuclear genes in gastric cancer,胃癌,GSE167297,3,9,Endothelial,Stromal_Vascular,0.2976680384087791,0.345639,False,True,False,miss_pool_recovery_173
PMC12402859,PMC12402859,Machine learning-based model identifies a novel cuproptosis-related mitochondrial gene signature with a key role in the prognosis and treatment of lung adenocarcinoma,非小细胞肺癌,NSCLC_GSE131907,8,3,CD8T,Immune_Hematopoietic,0.2586495960981557,0.318594,False,False,False,miss_pool_recovery_173
PMC12408283,PMC12408283,Prognostic model construction and immune microenvironment analysis of pyroptosis-related genes in hepatocellular carcinoma based on single-cell RNA sequencing,肝细胞癌,GSE151530,8,6,TECs,Stromal_Vascular,0.1348468935756744,0.210024,False,False,False,miss_pool_recovery_173
PMC12431762,PMC12431762,Construction of a prognostic risk model based on pyroptosis-related genes and comprehensive analysis of key genes and tumor immune microenvironment for colon cancer,结直肠癌,GSE81861,10,7,Endothelial,Stromal_Vascular,0.0426836441163735,0.110773,False,False,False,miss_pool_recovery_173
PMC12479282,PMC12479282,Identification of amino acid metabolism-related gene Leucyl-tRNA synthetase 1 (LARS1) as a potential prognostic and therapeutic target in hepatocellular carcinoma,肝细胞癌,GSE151530,13,6,Malignant cells,Malignant,0.0003450441450109,0.005352,True,False,False,miss_pool_recovery_173
PMC12585065,PMC12585065,Construction and validation of an anoikis-related prognostic model for lung adenocarcinoma based on bulk and single-cell transcriptomic data,非小细胞肺癌,NSCLC_GSE131907,7,3,CD8T,Immune_Hematopoietic,0.0068587105624142,0.039333,True,False,False,miss_pool_recovery_173
PMC12585956,PMC12585956,Development of a ferroptosis-related signature and identification of NOTCH2 as a novel prognostic biomarker in pancreatic cancer,胰腺癌,PAAD_GSE154778,2,6,Fibroblasts,Stromal_Vascular,0.3055555555555555,0.346214,False,True,False,miss_pool_recovery_173
PMC12587622,PMC12587622,Prognostic evaluation and experimental validation of cuproptosis-related hub genes identified through weighted gene co-expression network analysis in uveal melanoma,黑色素瘤,SKCM_GSE120575,7,10,Mono/Macro,Immune_Hematopoietic,0.0256915,0.08967,False,False,False,miss_pool_recovery_173
PMC12589231,PMC12589231,Exploring the prognostic value of T cell exhaustion and mitochondrial dysfunction related genes in breast cancer through bioinformatics analysis and RT-qPCR validation,乳腺癌,GSE176078,7,9,Myeloid,Immune_Hematopoietic,0.0340125557995462,0.09875,False,False,False,miss_pool_recovery_173
PMC12627312,PMC12627312,Utilizing a novel mitochondrial-related gene signature for predicting the prognosis and immunological impact in bladder cancer,膀胱癌,BLCA_GSE130001,2,4,Myofibroblasts,Stromal_Vascular,0.4375,0.448677,False,True,False,miss_pool_recovery_173
PMC12637038,PMC12637038,Identification of mitochondrial-related genes to evaluate the immune infiltration and prognosis of lung adenocarcinoma,非小细胞肺癌,NSCLC_GSE131907,3,3,CD4Tconv,Immune_Hematopoietic,0.2592592592592592,0.318594,False,True,False,miss_pool_recovery_173
PMC12643724,PMC12643724,A novel ferroptosis-related microRNAs signature for predicting prognosis in endometrial cancer: An observational study,子宫内膜癌,UCEC_GSE139555,4,6,Treg,Immune_Hematopoietic,0.1319444444444444,0.208294,False,True,False,miss_pool_recovery_173
PMC12666366,PMC12666366,Integrated bioinformatics analysis identifies cuproptosis and ferroptosis gene signatures via subgroup clustering: Prognostic and therapeutic implications in breast cancer,乳腺癌,GSE176078,13,9,Cancer Epithelial,Malignant,0.0016105509879296,0.014031,True,False,False,miss_pool_recovery_173
PMC12668565,PMC12668565,A Super‐Enhancer‐Related Ferroptosis Signature Predicts Survival and Immune Microenvironment in Colon Cancer Based on Bioinformatics Analyses and Experimental Validation,结直肠癌,GSE81861,8,7,Epithelial,Epithelial_mixed,0.3201666458217726,0.352811,False,False,False,miss_pool_recovery_173
PMC12672885,PMC12672885,Development of a prognostic model based on immunogenic cell death/ferroptosis-related genes and the study of TREX1 effects on prostate cancer cells,前列腺癌,PRAD_GSE172301,2,9,Fibroblasts,Stromal_Vascular,0.2098765432098765,0.282179,False,True,False,miss_pool_recovery_173
PMC12730545,PMC12730545,An Immune Gene Signature Stratifies Breast Cancer Prognosis Through iCAF-Driven Immunosuppressive Microenvironment,乳腺癌,GSE176078,13,9,Myeloid,Immune_Hematopoietic,0.1686721281346509,0.241821,False,False,False,miss_pool_recovery_173
PMC12731238,PMC12731238,Integrative Single-Cell and Machine Learning Analysis Develops a Glutamine Metabolism–Based Prognostic Model and Identifies MSMO1 as a Therapeutic Target in Osteosarcoma,骨肉瘤,OS_GSE162454,7,8,Malignant,Malignant,4.76837158203125e-07,6.7e-05,True,False,False,miss_pool_recovery_173
PMC12748409,PMC12748409,Cellular senescence related gene signature predicts prognosis and immune features in skin cutaneous melanoma,黑色素瘤,SKCM_GSE120575,12,10,B,Immune_Hematopoietic,0.110869977745,0.193927,False,False,False,miss_pool_recovery_173
PMC12768259,PMC12768259,Identification of ACE and HSPB8 as novel drug targets for LUSC treatment and prognosis based on a prognostic model integrating epigenetic regulation and endoplasmic reticulum stress-related genes,非小细胞肺癌,NSCLC_GSE131907,4,3,CD8T,Immune_Hematopoietic,0.1111111111111111,0.193927,False,True,False,miss_pool_recovery_173
PMC12864644,PMC12864644,Identification and validation of prognostic markers for cuproptosis-related macrophage polarization genes in hepatocellular carcinoma,肝细胞癌,GSE151530,6,6,Malignant cells,Malignant,0.2632244513031549,0.318594,False,False,False,miss_pool_recovery_173
PMC12894601,PMC12894601,A prognostic signature of ferroptosis and lipid metabolism related genes predicts survival and immunotherapy response in hepatocellular carcinoma,肝细胞癌,GSE151530,4,6,TAMs,Immune_Hematopoietic,0.1319444444444444,0.208294,False,True,False,miss_pool_recovery_173
PMC12928886,PMC12928886,Prognostic model based on stem cells and oxidative stress related genes for ovarian cancer,卵巢癌,OV_GSE154600,4,11,Endothelial,Stromal_Vascular,0.3169865446349293,0.352811,False,True,False,miss_pool_recovery_173
PMC12998466,PMC12998466,An Inflammation-Associated Prognostic Model for Hepatocellular Carcinoma Following Radical Resection,肝细胞癌,GSE151530,1,6,Malignant cells,Malignant,0.1666666666666666,0.240171,False,True,False,miss_pool_recovery_173
PMC13009203,PMC13009203,Functional genomics integration of glycolysis-related gene networks reveals prognostic biomarkers and immune microenvironment regulation in breast cancer,乳腺癌,GSE176078,16,9,Endothelial,Stromal_Vascular,0.0258480583421331,0.08967,False,False,False,miss_pool_recovery_173
PMC13050664,PMC13050664,CLIC6 and ANLN: novel exosome-related prognostic markers and therapeutic targets in lung adenocarcinoma,非小细胞肺癌,NSCLC_GSE131907,4,3,CD8T,Immune_Hematopoietic,0.0123456790123456,0.058799,False,True,False,miss_pool_recovery_173
PMC13072332,PMC13072332,LPCAT1 and MRPL9 Promote Hepatocellular Carcinoma Progression via AKT Phosphorylation and Define a Mitochondrial Prognostic Model,肝细胞癌,GSE151530,2,6,TAMs,Immune_Hematopoietic,0.3055555555555555,0.346214,False,True,False,miss_pool_recovery_173
PMC13097926,PMC13097926,Amino acid metabolism-related genes signature correlates with immune infiltration and predicts clinic prognosis in osteosarcoma,骨肉瘤,OS_GSE162454,5,8,Malignant,Malignant,0.01605224609375,0.067959,False,True,False,miss_pool_recovery_173
PMC13140166,PMC13140166,Single‐Cell Sequencing Data Revealed Mechanisms of Interactions Between Tumor Cells and Cancer‐Associated Fibroblasts in Metastatic Colorectal Cancer,结直肠癌,GSE81861,6,7,Fibroblast,Stromal_Vascular,8.499859752314083e-06,0.000341,True,False,False,miss_pool_recovery_173
PMC13140268,PMC13140268,Analysis of Autophagy‐Related Gene Signature Associated With Clinical Prognosis and Immune Microenvironment in Colorectal Cancer,结直肠癌,GSE81861,25,7,Endothelial,Stromal_Vascular,0.1362910787869845,0.210024,False,False,False,miss_pool_recovery_173
PMC13200625,PMC13200625,Carbohydrate metabolism and autophagy signature predicts prognosis and immune microenvironment of acute myeloid leukemia,急性髓系白血病,AML_GSE116256,4,13,Mono/Macro,Immune_Hematopoietic,0.0319666678337593,0.09875,False,True,False,miss_pool_recovery_173
PMC13201820,PMC13201820,Construction and validation of a novel prognostic signature that correlates with immune infiltration based on glycolysis related lncRNAs in osteosarcoma,骨肉瘤,OS_GSE162454,8,8,Fibroblasts,Stromal_Vascular,0.2636951804161072,0.318594,False,False,False,miss_pool_recovery_173
PMC13239323,PMC13239323,Development and Validation of a Cuproptosis‐Based Risk Score Model for Predicting Neoadjuvant Chemotherapy Response in Breast Cancer: A Transcriptomic Analysis,乳腺癌,GSE176078,40,9,Cancer Epithelial,Malignant,0.0009881175009105,0.009916,True,False,False,miss_pool_recovery_173
PMC13265210,PMC13265210,The flavonoid astragalin induces apoptosis in lung adenocarcinoma and correlates with a prognostic cell cycle gene signature associated with PANoptosis,非小细胞肺癌,NSCLC_GSE131907,4,3,CD8T,Immune_Hematopoietic,0.1111111111111111,0.193927,False,True,False,miss_pool_recovery_173
PMC13381424,PMC13381424,Identification of prognostic genes and development of a risk model for pancreatic cancer based on hypoxia- and lipid metabolism-related genes,胰腺癌,PAAD_GSE154778,7,6,Epithelial,Epithelial_mixed,0.0957754629629629,0.185606,False,False,False,miss_pool_recovery_173
PMC13408425,PMC13408425,An Auto-RS Signature for Prognostic Stratification and Drug Sensitivity Prediction in Osteosarcoma,骨肉瘤,OS_GSE162454,4,8,Fibroblasts,Stromal_Vascular,0.078857421875,0.160572,False,True,False,miss_pool_recovery_173
PMC13414059,PMC13414059,Identification and Validation of a Lipid Metabolism-Related Gene Signature for Predicting Prognosis and Immunotherapy Response in Oral Squamous Cell Carcinoma,口腔鳞癌,OSCC_GSE172577,16,11,Ductal,Epithelial_mixed,3.0682739079141057e-05,0.000718,True,False,False,miss_pool_recovery_173
PMC13415585,PMC13415585,Metabolic-immunoregulatory subtypes reveal prognostic and therapeutic insights in multiple primary lung cancer,非小细胞肺癌,NSCLC_GSE131907,2,3,CD8T,Immune_Hematopoietic,0.1111111111111111,0.193927,False,True,False,miss_pool_recovery_173
PMC13417714,PMC13417714,Mining Chemotherapy Resistance Related Genes in Breast Cancer to Construct a New Prognosis Prediction Model‐Based on GEO Database and Real‐World Study,乳腺癌,GSE176078,37,9,Cancer Epithelial,Malignant,2.1878283920962393e-05,0.000559,True,False,False,miss_pool_recovery_173
PMC13419606,PMC13419606,Keratin gene expression signature predicts prognosis and immunotherapy efficacy in lung adenocarcinoma,非小细胞肺癌,NSCLC_GSE131907,4,3,CD8T,Immune_Hematopoietic,0.1111111111111111,0.193927,False,True,False,miss_pool_recovery_173
PMC13437700,PMC13437700,Establishment and evaluation of novel prognostic biomarkers based on systemic coagulation-inflammation index and related genes in breast cancer,乳腺癌,GSE176078,4,9,Myeloid,Immune_Hematopoietic,0.3757049230300259,0.393929,False,True,False,miss_pool_recovery_173
PMC13490468,PMC13490468,Integrative machine learning and multi-omics analysis reveals ATIC as a promoter of hepatocellular carcinoma progression,肝细胞癌,GSE151530,4,6,Malignant cells,Malignant,0.0162037037037037,0.067959,False,True,False,miss_pool_recovery_173
PMC13504365,PMC13504365,Identification of PD‐1‐Related Genes as Prognostic Biomarkers in Lung Adenocarcinoma,非小细胞肺癌,NSCLC_GSE131907,5,3,CD8T,Immune_Hematopoietic,0.0452674897119341,0.114596,False,True,False,miss_pool_recovery_173
PMC6932884,PMC6932884,Glycolysis gene expression profilings screen for prognostic risk signature of hepatocellular carcinoma,肝细胞癌,GSE151530,5,6,Malignant cells,Malignant,0.0033436213991769,0.02237,True,True,False,miss_pool_recovery_173
PMC7523182,PMC7523182,Identification of a Metabolism-Related Risk Signature Associated With Clinical Prognosis in Glioblastoma Using Integrated Bioinformatic Analysis,胶质瘤,Glioma_GSE131928,16,8,NPC-like Malignant,Malignant,0.1301588078638609,0.208294,False,False,False,miss_pool_recovery_173
PMC7789410,PMC7789410,Construction of a nine DNA repair-related gene prognostic classifier to predict prognosis in patients with endometrial carcinoma,子宫内膜癌,UCEC_GSE139555,9,6,Fibroblasts,Stromal_Vascular,0.0011357754788396,0.011005,True,False,False,miss_pool_recovery_173
PMC7821871,PMC7821871,Identification of a Novel Glycolysis-Related Gene Signature for Predicting Breast Cancer Survival,乳腺癌,GSE176078,11,9,Cancer Epithelial,Malignant,0.3498914660565181,0.373838,False,False,False,miss_pool_recovery_173
PMC7847640,PMC7847640,Construction of a Glycolysis-related long noncoding RNA signature for predicting survival in endometrial cancer,子宫内膜癌,UCEC_GSE139555,2,6,Tprolif,Immune_Hematopoietic,0.3055555555555555,0.346214,False,True,False,miss_pool_recovery_173
PMC7969881,PMC7969881,Identification of Five Glycolysis-Related Gene Signature and Risk Score Model for Colorectal Cancer,结直肠癌,GSE81861,5,7,Macrophage,Immune_Hematopoietic,0.1517819955970726,0.228079,False,True,False,miss_pool_recovery_173
PMC8034085,PMC8034085,A novel 10 glycolysis-related genes signature could predict overall survival for clear cell renal cell carcinoma,肾透明细胞癌,KIRC_GSE159115,10,8,Malignant,Malignant,0.1195021532475948,0.203189,False,False,False,miss_pool_recovery_173
PMC8225435,PMC8225435,A Prognostic Model for Brain Glioma Patients Based on 9 Signature Glycolytic Genes,胶质瘤,Glioma_GSE131928,8,8,NPC-like Malignant,Malignant,0.2636951804161072,0.318594,False,False,False,miss_pool_recovery_173
PMC8261051,PMC8261051,Glycolysis-Related Gene Expression Profiling Screen for Prognostic Risk Signature of Pancreatic Ductal Adenocarcinoma,胰腺癌,PAAD_GSE154778,11,6,Malignant,Malignant,0.0245062793453318,0.088285,False,False,False,miss_pool_recovery_173
PMC8513715,PMC8513715,Identification and Validation of EMT-Related lncRNA Prognostic Signature for Colorectal Cancer,结直肠癌,GSE81861,2,7,Bcell,Immune_Hematopoietic,0.0204081632653061,0.076463,False,True,False,miss_pool_recovery_173
PMC8554127,PMC8554127,N6-Methyladenosine-Related Long Non-coding RNA Signature Associated With Prognosis and Immunotherapeutic Efficacy of Clear-Cell Renal Cell Carcinoma,肾透明细胞癌,KIRC_GSE159115,5,8,Erythroblasts,Immune_Hematopoietic,0.1207275390625,0.203189,False,True,False,miss_pool_recovery_173
PMC8607265,PMC8607265,Identification of a glycolysis‐related gene signature for survival prediction of ovarian cancer patients,卵巢癌,OV_GSE154600,9,11,Tprolif,Immune_Hematopoietic,0.1942145250922786,0.27017,False,False,False,miss_pool_recovery_173
PMC8607649,PMC8607649,An effective N6-methyladenosine-related long non-coding RNA prognostic signature for predicting the prognosis of patients with bladder cancer,膀胱癌,BLCA_GSE130001,1,4,Fibroblasts,Stromal_Vascular,0.25,0.318594,False,True,False,miss_pool_recovery_173
PMC8795518,PMC8795518,Establishing a Prognostic Signature Based on Epithelial–Mesenchymal Transition-Related Genes for Endometrial Cancer Patients,子宫内膜癌,UCEC_GSE139555,5,6,Fibroblasts,Stromal_Vascular,0.0354938271604938,0.09875,False,True,False,miss_pool_recovery_173
PMC8872195,PMC8872195,Identification of a Novel Epithelial–Mesenchymal Transition-Related Gene Signature for Endometrial Carcinoma Prognosis,子宫内膜癌,UCEC_GSE139555,6,6,Fibroblasts,Stromal_Vascular,0.0622856652949245,0.145852,False,False,False,miss_pool_recovery_173
PMC8883700,PMC8883700,Construction and validation of a novel prognostic model for lung squamous cell cancer based on N6-methyladenosine-related genes,非小细胞肺癌,NSCLC_GSE131907,3,3,CD8T,Immune_Hematopoietic,0.2592592592592592,0.318594,False,True,False,miss_pool_recovery_173
PMC8884161,PMC8884161,A New Prognostic Risk Score: Based on the Analysis of Autophagy-Related Genes and Renal Cell Carcinoma,肾透明细胞癌,KIRC_GSE159115,7,8,Epithelial,Epithelial_mixed,0.2146081924438476,0.284457,False,False,False,miss_pool_recovery_173
PMC8933961,PMC8933961,N6-methyladenosine-related lncRNAs is a potential marker for predicting prognosis and immunotherapy in ovarian cancer,卵巢癌,OV_GSE154600,13,11,Malignant,Malignant,0.0005507140879237,0.006728,True,False,False,miss_pool_recovery_173
PMC9035888,PMC9035888,TGF-β1 Promotes Autophagy and Inhibits Apoptosis in Breast Cancer by Targeting TP63,乳腺癌,GSE176078,3,9,Cancer Epithelial,Malignant,0.2976680384087791,0.345639,False,True,False,miss_pool_recovery_173
PMC9115802,PMC9115802,Comprehensive Analysis of N6-Methyladenosine-Related Long Noncoding RNA Prognosis of Acute Myeloid Leukemia and Immune Cell Infiltration,急性髓系白血病,AML_GSE116256,1,13,NK,Immune_Hematopoietic,0.0769230769230769,0.160572,False,True,False,miss_pool_recovery_173
PMC9160815,PMC9160815,Development and validation of an immune‐related prognosis signature associated with hypoxia and ferroptosis in hepatocellular carcinoma,肝细胞癌,GSE151530,5,6,Malignant cells,Malignant,0.0033436213991769,0.02237,True,True,False,miss_pool_recovery_173
PMC9170944,PMC9170944,Identification of an Epithelial-Mesenchymal Transition-Related Long Non-coding RNA Prognostic Signature to Determine the Prognosis and Drug Treatment of Hepatocellular Carcinoma Patients,肝细胞癌,GSE151530,1,6,Malignant cells,Malignant,0.1666666666666666,0.240171,False,True,False,miss_pool_recovery_173
PMC9198763,PMC9198763,Identifying glycolysis-related LncRNAs for predicting prognosis in breast cancer patients,乳腺癌,GSE176078,4,9,CAFs,Stromal_Vascular,0.3757049230300259,0.393929,False,True,False,miss_pool_recovery_173
PMC9229147,PMC9229147,Comprehensive bioinformatic analysis reveals a cancer-associated fibroblast gene signature as a poor prognostic factor and potential therapeutic target in gastric cancer,胃癌,GSE167297,6,9,Fibroblasts,Stromal_Vascular,1.88167642315892e-06,0.000172,True,False,False,miss_pool_recovery_173
PMC9246272,PMC9246272,"N7-Methylguanosine Regulatory Genes Profoundly Affect the Prognosis, Progression, and Antitumor Immune Response of Hepatocellular Carcinoma",肝细胞癌,GSE151530,5,6,Malignant cells,Malignant,0.1962448559670782,0.270318,False,True,False,miss_pool_recovery_173
PMC9247151,PMC9247151,"Identification of Hypoxia-Related Subtypes, Establishment of Prognostic Models, and Characteristics of Tumor Microenvironment Infiltration in Colon Cancer",结直肠癌,GSE81861,6,7,Endothelial,Stromal_Vascular,0.206861086792068,0.282175,False,False,False,miss_pool_recovery_173
PMC9248105,PMC9248105,N6-methyladenosine-related lncRNAs identified as potential biomarkers for predicting the overall survival of Asian gastric cancer patients,胃癌,GSE167297,3,9,Endothelial,Stromal_Vascular,0.2976680384087791,0.345639,False,True,False,miss_pool_recovery_173
PMC9353335,PMC9353335,Mitophagy-mediated molecular subtypes depict the hallmarks of the tumour metabolism and guide precision chemotherapy in pancreatic adenocarcinoma,胰腺癌,PAAD_GSE154778,4,6,Malignant,Malignant,0.1319444444444444,0.208294,False,True,False,miss_pool_recovery_173
PMC9372236,PMC9372236,Development and validation of endoplasmic reticulum stress-related eight-gene signature for predicting the overall survival of lung adenocarcinoma,非小细胞肺癌,NSCLC_GSE131907,7,3,CD8T,Immune_Hematopoietic,0.0004572473708276,0.006118,True,False,False,miss_pool_recovery_173
PMC9382191,PMC9382191,Novel GIRlncRNA Signature for Predicting the Clinical Outcome and Therapeutic Response in NSCLC,非小细胞肺癌,NSCLC_GSE131907,5,3,B,Immune_Hematopoietic,0.2098765432098765,0.282179,False,True,False,miss_pool_recovery_173
PMC9479339,PMC9479339,An autophagy-associated lncRNAs model for predicting the survival in non-small cell lung cancer patients,非小细胞肺癌,NSCLC_GSE131907,3,3,CD4Tconv,Immune_Hematopoietic,0.037037037037037,0.102033,False,True,False,miss_pool_recovery_173
PMC9561419,PMC9561419,Development and validation of a combined glycolysis and immune prognostic signature for lung squamous cell carcinoma,非小细胞肺癌,NSCLC_GSE131907,4,3,CD8T,Immune_Hematopoietic,0.1111111111111111,0.193927,False,True,False,miss_pool_recovery_173
PMC9569205,PMC9569205,Identification of ATG7 as a Regulator of Proferroptosis and Oxidative Stress in Osteosarcoma,骨肉瘤,OS_GSE162454,5,8,Fibroblasts,Stromal_Vascular,0.1207275390625,0.203189,False,True,False,miss_pool_recovery_173
PMC9578220,PMC9578220,A novel chromatin regulator-related immune checkpoint related gene prognostic signature and potential candidate drugs for endometrial cancer patients,子宫内膜癌,UCEC_GSE139555,9,6,Treg,Immune_Hematopoietic,0.1782595942564649,0.250455,False,False,False,miss_pool_recovery_173
PMC9589509,PMC9589509,"Identification of a dysregulated CircRNA-associated gene signature for predicting prognosis, immune landscape, and drug candidates in bladder cancer",膀胱癌,BLCA_GSE130001,10,4,Myofibroblasts,Stromal_Vascular,0.2241249084472656,0.295677,False,False,False,miss_pool_recovery_173
PMC9617384,PMC9617384,A novel stemness-hypoxia-related signature for prognostic stratification and immunotherapy response in hepatocellular carcinoma,肝细胞癌,GSE151530,7,6,CAFs,Stromal_Vascular,0.0957754629629629,0.185606,False,False,False,miss_pool_recovery_173
PMC9641162,PMC9641162,Identification of tumor antigens and immunogenic cell death-related subtypes for the improvement of immunotherapy of breast cancer,乳腺癌,GSE176078,11,9,Myeloid,Immune_Hematopoietic,0.1146548254848636,0.198877,False,False,False,miss_pool_recovery_173
PMC9646859,PMC9646859,Identification of risk model based on glycolysis-related genes in the metastasis of osteosarcoma,骨肉瘤,OS_GSE162454,13,8,Fibroblasts,Stromal_Vascular,0.0689590937327011,0.15627,False,False,False,miss_pool_recovery_173
PMC9658439,PMC9658439,Identification of Hypoxia-Related Prognostic Signature and Competing Endogenous RNA Regulatory Axes in Hepatocellular Carcinoma,肝细胞癌,GSE151530,8,6,Malignant cells,Malignant,0.0306564119417771,0.097891,False,False,False,miss_pool_recovery_173
PMC9676246,PMC9676246,A Novel Glycolysis-Related Long Noncoding RNA Signature for Predicting Overall Survival in Gastric Cancer,胃癌,GSE167297,5,9,Fibroblasts,Stromal_Vascular,0.011532794797541,0.056855,False,True,False,miss_pool_recovery_173
PMC9679378,PMC9679378,Immunogenic cell death-related gene landscape predicts the overall survival and immune infiltration status of ovarian cancer,卵巢癌,OV_GSE154600,8,11,Mono/Macro,Immune_Hematopoietic,0.1602867156224798,0.23831,False,False,False,miss_pool_recovery_173
PMC9748486,PMC9748486,Pyroptosis-related lncRNAs: A novel prognosis signature of colorectal cancer,结直肠癌,GSE81861,2,7,Fibroblast,Stromal_Vascular,0.0204081632653061,0.076463,False,True,False,miss_pool_recovery_173
PMC9761315,PMC9761315,Deciphering a mitochondria-related signature to supervise prognosis and immunotherapy in hepatocellular carcinoma,肝细胞癌,GSE151530,6,6,Malignant cells,Malignant,0.0622856652949245,0.145852,False,False,False,miss_pool_recovery_173
PMC9778227,PMC9778227,A Novel Defined Pyroptosis-Related Gene Signature for the Prognosis of Acute Myeloid Leukemia,急性髓系白血病,AML_GSE116256,8,13,Tprolif,Immune_Hematopoietic,0.1214795010766794,0.203189,False,False,False,miss_pool_recovery_173
PMC9798206,PMC9798206,An autophagy-related long non-coding RNA prognostic model and related immune research for female breast cancer,乳腺癌,GSE176078,3,9,Cancer Epithelial,Malignant,0.0342935528120713,0.09875,False,True,False,miss_pool_recovery_173
PMC9853159,PMC9853159,"Comprehensive analysis of hypoxia-related genes for prognosis value, immune status, and therapy in osteosarcoma patients",骨肉瘤,OS_GSE162454,9,8,Malignant,Malignant,0.0024822801351547,0.018852,True,False,False,miss_pool_recovery_173
PMC9866886,PMC9866886,A Hypoxia Molecular Signature-Based Prognostic Model for Endometrial Cancer Patients,子宫内膜癌,UCEC_GSE139555,2,6,Fibroblasts,Stromal_Vascular,0.3055555555555555,0.346214,False,True,False,miss_pool_recovery_173
PMC9886487,PMC9886487,Exosome-Associated Gene Signature for Predicting the Prognosis of Ovarian Cancer Patients,卵巢癌,OV_GSE154600,4,11,Malignant,Malignant,0.0028003551669967,0.020177,True,True,False,miss_pool_recovery_173
PMC9906058,PMC9906058,"Ferroptosis and cuproptosis prognostic signature for prediction of prognosis, immunotherapy and drug sensitivity in hepatocellular carcinoma: development and validation based on TCGA and ICGC databases",肝细胞癌,GSE151530,9,6,Malignant cells,Malignant,0.0089500616013819,0.047182,True,False,False,miss_pool_recovery_173
PMC9909968,PMC9909968,An immune and epithelial–mesenchymal transition-related risk model and immunotherapy strategy for grade II and III gliomas,胶质瘤,Glioma_GSE131928,2,8,AC-like Malignant,Malignant,0.234375,0.304905,False,True,False,miss_pool_recovery_173
PMC9922719,PMC9922719,A novel pyroptosis gene expression-based risk score for survival in gastric cancer,胃癌,GSE167297,1,9,Epithelial,Epithelial_mixed,0.1111111111111111,0.193927,False,True,False,miss_pool_recovery_173
PMC9999016,PMC9999016,A cuproptosis-related LncRNA signature: Integrated analysis associated with biochemical recurrence and immune landscape in prostate cancer,前列腺癌,PRAD_GSE172301,1,9,Fibroblasts,Stromal_Vascular,0.1111111111111111,0.193927,False,True,False,miss_pool_recovery_173
PMC10046686,PMC10046686_pyroptosis_lncRNA_STAD,Prognosis Risk Model Based on Pyroptosis-Related lncRNAs for Gastric Cancer,胃癌,GSE167297,5,9,Fibroblasts,Stromal_Vascular,0.0982404443767041,0.187793,False,True,False,original_108
PMC10076677,PMC10076677_anoikis_lncRNA_OS,Identification and validation of an anoikis-related lncRNA signature to predict prognosis and immune landscape in osteosarcoma,骨肉瘤,OS_GSE162454,2,8,Fibroblasts,Stromal_Vascular,0.015625,0.067959,False,True,False,original_108
PMC10085621,PMC10085621_hypoxia_NSCLC,Construction and validation of a hypoxia-related risk signature identified EXO1 as a prognostic biomarker based on 12 genes in lung adenocarcinoma,非小细胞肺癌,NSCLC_GSE131907,12,3,CD8T,Immune_Hematopoietic,4.704191057897299e-05,0.001007,True,False,False,original_108
PMC10140328,PMC10140328_CAF_BLCA,Construction of cancer- associated fibroblasts related risk signature based on single-cell RNA-seq and bulk RNA-seq data in bladder urothelial carcinoma,膀胱癌,BLCA_GSE130001,7,4,Fibroblasts,Stromal_Vascular,0.0013427734375,0.012577,True,False,True,original_108
PMC10164321,PMC10164321_pyroptosis_HCC,Identification and in vitro and in vivo validation of the key role of GSDME in pyroptosis-related genes signature in hepatocellular carcinoma,肝细胞癌,GSE151530,2,6,TAMs,Immune_Hematopoietic,0.0277777777777777,0.094043,False,True,False,original_108
PMC10184413,PMC10184413_cuproptosis_ferroptosis_KIRC,Cuproptosis-Related Ferroptosis genes for Predicting Prognosis in kidney renal clear cell carcinoma,肾透明细胞癌,KIRC_GSE159115,6,8,Endothelial,Stromal_Vascular,0.1665229797363281,0.240171,False,False,False,original_108
PMC10287976,PMC10287976_chromatin_UVM,Tumor subtypes and signature model construction based on chromatin regulators for better prediction of prognosis in uveal melanoma,葡萄膜黑色素瘤,UVM_GSE139829,3,8,CD8T,Immune_Hematopoietic,0.04296875,0.110773,False,True,False,original_108
PMC10294479,PMC10294479_autophagy_HCC,Construction and validation of a prognostic model based on autophagy-related genes for hepatocellular carcinoma in the Asian population,肝细胞癌,GSE151530,13,6,Malignant cells,Malignant,0.0511547005221563,0.124995,False,False,False,original_108
PMC10339815,PMC10339815_DDR_lncRNA_STAD,The DNA damage repair-related lncRNAs signature predicts the prognosis and immunotherapy response in gastric cancer,胃癌,GSE167297,3,9,Fibroblasts,Stromal_Vascular,0.0342935528120713,0.09875,False,True,False,original_108
PMC10414028,PMC10414028_hypoxia_LUAD,The hypoxia-associated genes in immune infiltration and treatment options of lung adenocarcinoma,非小细胞肺癌,NSCLC_GSE131907,6,3,CD8T,Immune_Hematopoietic,0.1001371742112482,0.189298,False,False,False,original_108
PMC10469729,PMC10469729_glutamine_UCEC,Glutamine and amino acid metabolism as a prognostic signature and therapeutic target in endometrial cancer,子宫内膜癌,UCEC_GSE139555,3,6,Fibroblasts,Stromal_Vascular,0.0046296296296296,0.028336,True,True,False,original_108
PMC10469923,PMC10469923_anoikis_PRAD,An anoikis-related gene signature for prediction of the prognosis in prostate cancer,前列腺癌,PRAD_GSE172301,7,9,Fibroblasts,Stromal_Vascular,0.0040395411302059,0.026398,True,False,False,original_108
PMC10475834,PMC10475834_cuproptosis_lncRNA_LUAD,"A novel defined risk signature of cuproptosis-related long non-coding RNA for predicting prognosis, immune infiltration, and immunotherapy response in lung adenocarcinoma",非小细胞肺癌,NSCLC_GSE131907,5,3,B,Immune_Hematopoietic,0.5390946502057613,0.544912,False,True,False,original_108
PMC10531437,PMC10531437_lipid_ERstress_CRC,A Novel Lipid Metabolism and Endoplasmic Reticulum Stress-Related Risk Model for Predicting Immune Infiltration and Prognosis in Colorectal Cancer,结直肠癌,GSE81861,18,7,Fibroblast,Stromal_Vascular,0.0090670160532895,0.047182,True,False,False,original_108
PMC10564413,PMC10564413_senescence_CESC,A cellular senescence-related genes model allows for prognosis and treatment stratification of cervical cancer: a bioinformatics analysis and external verification,宫颈癌,CESC_GSE168652,6,7,Endometrial stromal cells,Stromal_Vascular,0.206861086792068,0.282175,False,False,False,original_108
PMC10599730,PMC10599730_ERstress_OSCC,Identification of an endoplasmic reticulum stress-related prognostic risk model with excellent prognostic and clinical value in oral squamous cell carcinoma,口腔鳞癌,OSCC_GSE172577,3,11,Endothelial,Stromal_Vascular,0.0232907588279489,0.084996,False,True,False,original_108
PMC10616163,PMC10616163_chromatin_HCC,"Seven chromatin regulators as immune cell infiltration characteristics, potential diagnostic biomarkers and drugs prediction in hepatocellular carcinoma",肝细胞癌,GSE151530,6,6,Malignant cells,Malignant,0.2632244513031549,0.318594,False,False,False,original_108
PMC10662873,PMC10662873_anoikis_HCC,Development of a prognostic signature based on anoikis-related genes in hepatocellular carcinoma with the utilization of LASSO-cox method,肝细胞癌,GSE151530,5,6,Malignant cells,Malignant,0.0354938271604938,0.09875,False,True,False,original_108
PMC10683111,PMC10683111_anoikis_lncRNA_HNSCC,"Predicting the prognosis, immune response, and immunotherapy in head and neck squamous cell carcinoma using a novel risk model based on anoikis-related lncRNAs",头颈鳞癌,HNSC_GSE139324,2,11,DC,Immune_Hematopoietic,0.1735537190082644,0.246306,False,True,False,original_108
PMC10791883,PMC10791883_CAF_BRCA,Integrating single-cell and bulk transcriptomic analyses to develop a cancer-associated fibroblast-derived biomarker for predicting prognosis and therapeutic response in breast cancer,乳腺癌,GSE176078,14,9,CAFs,Stromal_Vascular,3.055233251672173e-06,0.000172,True,False,True,original_108
PMC10807923,PMC10807923_anoikis_OV,Identification and Validation of a Novel Anoikis-Related Gene Signature for Predicting Survival in Patients With Serous Ovarian Cancer,卵巢癌,OV_GSE154600,13,11,Fibroblasts,Stromal_Vascular,0.0005507140879237,0.006728,True,False,False,original_108
PMC10900655,PMC10900655_lactylation_CRC,A multi-dimensional approach to unravel the intricacies of lactylation related signature for prognostic and therapeutic insight in colorectal cancer,结直肠癌,GSE81861,23,7,Endothelial,Stromal_Vascular,0.0114375350512,0.056855,False,False,False,original_108
PMC10932653,PMC10932653_chromatin_HCC,Development and validation of a chromatin regulator signature for predicting prognosis hepatocellular carcinoma patient,肝细胞癌,GSE151530,3,6,Malignant cells,Malignant,0.074074074074074,0.160572,False,True,False,original_108
PMC10980369,PMC10980369_ERstress_SKCM,Identification of an endoplasmic reticulum stress-associated gene signature to predict the immune status and prognosis of cutaneous melanoma,黑色素瘤,SKCM_GSE120575,7,10,Tprolif,Immune_Hematopoietic,0.1496944,0.226151,False,False,False,original_108
PMC11085026,PMC11085026_ESR_BRCA,Identification of Breast Cancer Subtypes Based on Endoplasmic Reticulum Stress-Related Genes and Analysis of Prognosis and Immune Microenvironment in Breast Cancer Patients,乳腺癌,GSE176078,8,9,Cancer Epithelial,Malignant,0.0499981636231944,0.123241,False,False,False,original_108
PMC11178724,PMC11178724_cuproptosis_methylation_SKCM,Cuproptosis-related DNA methylation signature predict prognosis and immune microenvironment in cutaneous melanoma,黑色素瘤,SKCM_GSE120575,5,10,Mono/Macro,Immune_Hematopoietic,0.00856,0.047182,True,True,False,original_108
PMC11297001,PMC11297001_oxidative_stress_COAD,Predictive role of oxidative stress-related genes in colon cancer: a retrospective cohort study based on The Cancer Genome Atlas,结直肠癌,GSE81861,17,7,Fibroblast,Stromal_Vascular,0.4462003992266093,0.454284,False,False,False,original_108
PMC11310873,PMC11310873_lncRNA_LUAD,Prognostic Value and Immune Landscapes of Four Types of RNA Modification Writer-Related LncRNAs Signature in Lung Adenocarcinoma,非小细胞肺癌,NSCLC_GSE131907,2,3,B,Immune_Hematopoietic,0.1111111111111111,0.193927,False,True,False,original_108
PMC11382408,PMC11382408_cuproptosis_HCC,From bioinformatics to clinical applications: a novel prognostic model of cuproptosis-related genes based on single-cell RNA sequencing data in hepatocellular carcinoma,肝细胞癌,GSE151530,6,6,TECs,Stromal_Vascular,0.0622856652949245,0.145852,False,False,False,original_108
PMC11384320,PMC11384320_m6A_ferroptosis_COAD,Characterization and validation of a prognostic model for the N6-methyladenosine-associated ferroptosis gene in colon adenocarcinoma,结直肠癌,GSE81861,6,7,Endothelial,Stromal_Vascular,0.041623813207082,0.110773,False,False,False,original_108
PMC11411761,PMC11411761_anoikis_BRCA,Anoikis-related genes in breast cancer patients: reliable biomarker of prognosis,乳腺癌,GSE176078,10,9,Cancer Epithelial,Malignant,0.018421654341914,0.072908,False,False,False,original_108
PMC11483459,PMC11483459_cuproptosis_CRC,Comprehensive analysis of cuproptosis-related genes involved in prognosis and tumor microenvironment infiltration of colorectal cancer,结直肠癌,GSE81861,2,7,Fibroblast,Stromal_Vascular,0.2653061224489796,0.318594,False,True,False,original_108
PMC11491388,PMC11491388_disulfidptosis_lncRNA_HCC,A disulfidptosis-related lncRNA signature for analyzing tumor microenvironment and clinical prognosis in hepatocellular carcinoma,肝细胞癌,GSE151530,4,6,Malignant cells,Malignant,0.1319444444444444,0.208294,False,True,False,original_108
PMC11504279,PMC11504279_hypoxia_PAAD,Establishment of a Prognostic Model for Pancreatic Cancer Based on Hypoxia-Related Genes,胰腺癌,PAAD_GSE154778,3,6,Malignant,Malignant,0.074074074074074,0.160572,False,True,False,original_108
PMC11550951,PMC11550951_cuproptosis_lncRNA_PRAD,Cuproptosis-related lncRNAs emerge as a novel signature for predicting prognosis in prostate carcinoma and functional experimental validation,前列腺癌,PRAD_GSE172301,3,9,Fibroblasts,Stromal_Vascular,0.0342935528120713,0.09875,False,True,False,original_108
PMC11564170,PMC11564170_cuproptosis_AML,Development of a prognostic model incorporating a cuproptosis-related signature and CNN3 as a predictor in childhood acute myelocytic leukemia,急性髓系白血病,AML_GSE116256,8,13,EryPro,Immune_Hematopoietic,0.1214795010766794,0.203189,False,False,False,original_108
PMC11577587,PMC11577587_glutamine_HCC,A glutamine metabolish-associated prognostic model to predict prognosis and therapeutic responses of hepatocellular carcinoma,肝细胞癌,GSE151530,4,6,Malignant cells,Malignant,0.0007716049382716,0.008273,True,True,False,original_108
PMC11634757,PMC11634757_lactylation_STAD,Lactylation-related gene signature accurately predicts prognosis and immunotherapy response in gastric cancer,胃癌,GSE167297,3,9,Endothelial,Stromal_Vascular,0.0342935528120713,0.09875,False,True,False,original_108
PMC11656000,PMC11656000_pyroptosis_CRC,Identification of a pyroptosis-related prognostic model for colorectal cancer and validation of the core gene SPTBN5,结直肠癌,GSE81861,25,7,Fibroblast,Stromal_Vascular,0.1362910787869845,0.210024,False,False,False,original_108
PMC11760997,PMC11760997_senescence_STAD,Identification the Cellular Senescence Associated lncRNA LINC01579 in Gastric Cancer,胃癌,GSE167297,4,9,Fibroblasts,Stromal_Vascular,0.0050297210791037,0.029445,True,True,False,original_108
PMC11855622,PMC11855622_mitophagyE3_BRCA,A Novel Prognostic Signature of Mitophagy-Related E3 Ubiquitin Ligases in Breast Cancer,乳腺癌,GSE176078,4,9,Cancer Epithelial,Malignant,0.0635573845450388,0.14639,False,True,False,original_108
PMC11866598,PMC11866598_telomere_HCC,A novel telomere-associated genes signature for the prediction of prognosis and treatment responsiveness of hepatocellular carcinoma,肝细胞癌,GSE151530,18,6,Malignant cells,Malignant,0.0001959244107494,0.003441,True,False,False,original_108
PMC11914417,PMC11914417_disulfidptosis_CRC,Development and validation of a disulfidptosis-related prognostic model for colorectal cancer using multi-omics analysis,结直肠癌,GSE81861,8,7,Epithelial,Epithelial_mixed,0.0180184884092269,0.072908,False,False,False,original_108
PMC11920466,PMC11920466_COAD,Disulfidptosis-based molecular clustering and prognostic signatures predict patient survival and the immune landscape in patients with colon cancer,结直肠癌,GSE81861,10,7,Fibroblast,Stromal_Vascular,0.0426836441163735,0.110773,False,False,False,original_108
PMC12047218,PMC12047218_glycolysis_OS,"A prognostic glycolysis-related gene signature in osteosarcoma: implications for metabolic programming, immune microenvironment, and drug response",骨肉瘤,OS_GSE162454,4,8,Malignant,Malignant,0.078857421875,0.160572,False,True,False,original_108
PMC12055729,PMC12055729_lactylation_UCEC,Lactylation-related risk model for prognostication and therapeutic responsiveness in uterine corpus endometrial carcinoma,子宫内膜癌,UCEC_GSE139555,1,6,Fibroblasts,Stromal_Vascular,0.1666666666666666,0.240171,False,True,False,original_108
PMC12078231,PMC12078231_ubiquitination_ALL,Ubiquitination and ALL: Identifying FBXO8 as a prognostic biomarker and therapeutic target,急性淋巴细胞白血病,ALL_GSE132509,9,7,Malignant,Malignant,0.0288094940311035,0.095241,False,False,False,original_108
PMC12084325,PMC12084325_disulfidptosis_lncRNA_AML,A novel LncRNA risk model for disulfidptosis-related prognosis prediction and response to chemotherapy in acute myeloid leukemia,急性髓系白血病,AML_GSE116256,3,13,Malignant,Malignant,0.2134729176149294,0.284457,False,True,False,original_108
PMC12179157,PMC12179157_PANoptosis_SKCM,The role and prognostic value of PANoptosis-related genes in skin cutaneous melanoma,黑色素瘤,SKCM_GSE120575,9,10,Tprolif,Immune_Hematopoietic,0.052972138,0.12832,False,False,False,original_108
PMC12210501,PMC12210501_ferroptosis_LUAD,Prognostic model of lung adenocarcinoma based on disulfidptosis-related genes and analysis of in vitro cell experiments for PPP1R14B in the model,非小细胞肺癌,NSCLC_GSE131907,4,3,CD8T,Immune_Hematopoietic,0.4074074074074074,0.424005,False,True,False,original_108
PMC12219082,PMC12219082_necroptosis_SKCM,A novel necroptosis related prognostic signature for skin cutaneous melanoma based on transcriptome and single cell sequencing analysis,黑色素瘤,SKCM_GSE120575,8,10,NK,Immune_Hematopoietic,0.00502435,0.029445,True,False,False,original_108
PMC12239816,PMC12239816_hypoxia_Glioma,Robust prediction of glioma prognosis by hypoxia-induced ferroptosis genes: VEGFA-XBP1 co-expression for salvage therapy,胶质瘤,Glioma_GSE131928,23,8,Mono/Macro,Immune_Hematopoietic,0.018909016396808,0.073081,False,False,False,original_108
PMC12354743,PMC12354743_NETs_Glioma,A novel neutrophil extracellular trap-related gene signature for predicting glioblastoma prognosis,胶质瘤,Glioma_GSE131928,4,8,AC-like Malignant,Malignant,0.078857421875,0.160572,False,True,False,original_108
PMC12378281,PMC12378281_disulfidptosis_AML,A novel prognostic signature integrating disulfidptosis- and ferroptosis-related genes in acute myeloid leukemia,急性髓系白血病,AML_GSE116256,6,13,Plasma,Immune_Hematopoietic,0.0720627230122426,0.160572,False,False,False,original_108
PMC12399450,PMC12399450_mitochondrial_STAD,Identification and validation of prognostic genes associated with mitochondrial nuclear genes in gastric cancer,胃癌,GSE167297,3,9,Endothelial,Stromal_Vascular,0.2976680384087791,0.345639,False,True,False,original_108
PMC12402452,PMC12402452_exosome_AML,Construction of a prognostic risk model for acute myeloid leukemia based on exosomal genes and analysis of immune microenvironment characteristics,急性髓系白血病,AML_GSE116256,5,13,EryPro,Immune_Hematopoietic,0.3298230777310642,0.356874,False,True,False,original_108
PMC12504172,PMC12504172_nucleotide_MB,Transcriptional regulation of nucleotide metabolism in medulloblastoma subtypes and prognostic implications analyzed by RNA-Seq,髓母细胞瘤,MB_GSE155446,15,4,Malignant,Malignant,0.0007949490100145,0.008273,True,False,False,original_108
PMC12647489,PMC12647489_cholesterol_HCC,Decoding the cholesterol–apoptosis axis in HCC: a machine learning-based multi-omics integration and single-cell transcriptomic analysis,肝细胞癌,GSE151530,8,6,Malignant cells,Malignant,0.0004411722679469,0.006118,True,False,False,original_108
PMC12891303,PMC12891303_CAF_BLCA,Single-cell and immune-context integration identifies basement-membrane/metastasis signatures that sharpen bladder-cancer diagnosis and prognosis,膀胱癌,BLCA_GSE130001,6,4,Fibroblasts,Stromal_Vascular,0.004638671875,0.028336,True,False,False,original_108
PMC12891315,PMC12891315_CAF_UCEC,Integrating single-cell and bulk transcriptomes with machine learning reveals a CAF signature for immunotherapy response in dMMR endometrial cancer,子宫内膜癌,UCEC_GSE139555,12,6,Tprolif,Immune_Hematopoietic,1.3419348143773245e-05,0.000419,True,False,False,original_108
PMC12905907,PMC12905907_disulfidptosis_SKCM,Integrating bioinformatic analyses and experimental validation of disulfidptosis-related genes and TMX4 in melanoma progression,黑色素瘤,SKCM_GSE120575,5,10,DC,Immune_Hematopoietic,0.40951,0.424621,False,True,False,original_108
PMC12906242,PMC12906242_m6A_OS,Establishment of a m6A‐Related Molecular Pattern in the Prognosis and Immune Infiltration of Osteosarcoma Using Machine Learning and Experiments,骨肉瘤,OS_GSE162454,14,8,Osteoblasts,Stromal_Vascular,0.0873281403105465,0.176541,False,False,False,original_108
PMC12971589,PMC12971589_CAF_OSCC,Single-cell RNA sequencing identifies cancer-associated fibroblast marker genes for determining cancer subtypes in oral squamous cell carcinoma and predicting patient prognosis,口腔鳞癌,OSCC_GSE172577,8,11,Endothelial,Stromal_Vascular,0.1602867156224798,0.23831,False,False,True,original_108
PMC13083393,PMC13083393_autophagy_BRCA,Autophagy-related gene-based prognostic model for breast cancer,乳腺癌,GSE176078,11,9,Endothelial,Stromal_Vascular,0.0043876502169006,0.028021,True,False,False,original_108
PMC13190656,PMC13190656_ferroptosis_CRC,Construction of a prognostic risk model based on colorectal cancer-specific ferroptosis genes and preliminary validation of FGFR4,结直肠癌,GSE81861,8,7,Epithelial,Epithelial_mixed,0.0935555277623633,0.18384,False,False,False,original_108
PMC13333213,PMC13333213_pyroptosis_NSCLC,Integrated Proteomic and scRNA‐Seq Analysis Reveals Pyroptosis‐Related Subtypes in Lung Adenocarcinoma,非小细胞肺癌,NSCLC_GSE131907,2,3,CD8T,Immune_Hematopoietic,0.1111111111111111,0.193927,False,True,False,original_108
PMC13355270,PMC13355270_mitophagy_BLCA,Prognostic and immunological implications of a mitophagy-associated gene signature in bladder cancer,膀胱癌,BLCA_GSE130001,5,4,Epithelial,Epithelial_mixed,0.103515625,0.193919,False,True,False,original_108
PMC13406258,PMC13406258_PCDgenes_BRCA,A prognostic risk model based on programmed cell death genes for breast cancer and its potential clinical application,乳腺癌,GSE176078,8,9,Cancer Epithelial,Malignant,0.0499981636231944,0.123241,False,False,False,original_108
PMC13490468,PMC13490468_ATIC_HCC,Integrative machine learning and multi-omics analysis reveals ATIC as a promoter of hepatocellular carcinoma progression,肝细胞癌,GSE151530,4,6,Malignant cells,Malignant,0.0162037037037037,0.067959,False,True,False,original_108
PMC7847640,PMC7847640_glycolysis_lncRNA_UCEC,Construction of a Glycolysis-related long noncoding RNA signature for predicting survival in endometrial cancer,子宫内膜癌,UCEC_GSE139555,2,6,Tprolif,Immune_Hematopoietic,0.3055555555555555,0.346214,False,True,False,original_108
PMC7880321,PMC7880321_immune_BLCA,Identification of a novel immune microenvironment signature predicting survival and therapeutic options for bladder cancer,膀胱癌,BLCA_GSE130001,10,4,Epithelial,Epithelial_mixed,0.0781269073486328,0.160572,False,False,False,original_108
PMC8291813,PMC8291813_cGASSTING_STAD,Identification and validation of the prognostic value of cyclic GMP-AMP synthase-stimulator of interferon (cGAS-STING) related genes in gastric cancer,胃癌,GSE167297,3,9,Mono/Macro,Immune_Hematopoietic,0.2976680384087791,0.345639,False,True,False,original_108
PMC8377503,PMC8377503_glycolysis_colon,"Comprehensive Analysis of Glycolysis-Related Genes for Prognosis, Immune Features, and Candidate Drug Development in Colon Cancer",结直肠癌,GSE81861,8,7,Endothelial,Stromal_Vascular,0.3201666458217726,0.352811,False,False,False,original_108
PMC8379743,PMC8379743_m6A_LUAD,Characteristic of molecular subtypes in lung adenocarcinoma based on m6A RNA methylation modification and immune microenvironment,非小细胞肺癌,NSCLC_GSE131907,7,3,B,Immune_Hematopoietic,0.429355281207133,0.441937,False,False,False,original_108
PMC8464158,PMC8464158_glycolysis_lncRNA_OV,Comprehensive analyses of glycolysis-related lncRNAs for ovarian cancer patients,卵巢癌,OV_GSE154600,3,11,Tprolif,Immune_Hematopoietic,0.2486851990984221,0.318594,False,True,False,original_108
PMC8605142,PMC8605142_glycolysis_HCC,A novel prognostic signature based on four glycolysis‐related genes predicts survival and clinical risk of hepatocellular carcinoma,肝细胞癌,GSE151530,3,6,Malignant cells,Malignant,0.074074074074074,0.160572,False,True,False,original_108
PMC8791745,PMC8791745_hypoxia_lncRNA_HNSCC,Identification of a Hypoxia-Related lncRNA Biomarker Signature for Head and Neck Squamous Cell Carcinoma,头颈鳞癌,HNSC_GSE139324,3,11,Mono/Macro,Immune_Hematopoietic,0.2486851990984221,0.318594,False,True,False,original_108
PMC8812245,PMC8812245_glycolysis_READ,A glycolysis-related two-gene risk model that can effectively predict the prognosis of patients with rectal cancer,结直肠癌,GSE81861,6,7,Epithelial,Epithelial_mixed,0.041623813207082,0.110773,False,False,False,original_108
PMC8994655,PMC8994655_autophagy_lncRNA_STAD,Construction of a Prognostic Signature of 10 Autophagy-Related lncRNAs in Gastric Cancer,胃癌,GSE167297,3,9,Fibroblasts,Stromal_Vascular,0.0342935528120713,0.09875,False,True,False,original_108
PMC9035888,PMC9035888_autophagy_BRCA,TGF-β1 Promotes Autophagy and Inhibits Apoptosis in Breast Cancer by Targeting TP63,乳腺癌,GSE176078,3,9,Cancer Epithelial,Malignant,0.2976680384087791,0.345639,False,True,False,original_108
PMC9048552,PMC9048552_autophagy_lncRNA_SKCM,Autophagy-related long non-coding RNA prognostic model predicts prognosis and survival of melanoma patients,黑色素瘤,SKCM_GSE120575,12,10,DC,Immune_Hematopoietic,0.025637470165,0.08967,False,False,False,original_108
PMC9086515,PMC9086515_ferroptosis_Glioma,Characterization of the Ferroptosis-Related Genes for Prognosis and Immune Infiltration in Low-Grade Glioma,胶质瘤,Glioma_GSE131928,9,8,AC-like Malignant,Malignant,0.0918907225131988,0.18184,False,False,False,original_108
PMC9092832,PMC9092832_hypoxia_lncRNA_digestive_panCancer,Construction of a Prognostic Model for Hypoxia-Related LncRNAs and Prediction of the Immune Landscape in the Digestive System Pan-Cancer,胃癌,GSE167297,4,9,Mono/Macro,Immune_Hematopoietic,0.0635573845450388,0.14639,False,True,False,original_108
PMC9097333,PMC9097333_autophagy_GBM,Identification of a novel autophagy-related prognostic signature and small molecule drugs for glioblastoma by bioinformatics,胶质瘤,Glioma_GSE131928,7,8,OPC-like Malignant,Malignant,0.2146081924438476,0.284457,False,False,False,original_108
PMC9124146,PMC9124146_autophagy_lncRNA_PAAD,An Independent Prognostic Model Based on Ten Autophagy-Related Long Noncoding RNAs in Pancreatic Cancer Patients,胰腺癌,PAAD_GSE154778,7,6,Epithelial,Epithelial_mixed,0.3302040466392318,0.356874,False,False,False,original_108
PMC9341065,PMC9341065_immune_autophagy_BLCA,Identification of immune-related and autophagy-related genes for the prediction of survival in bladder cancer,膀胱癌,BLCA_GSE130001,4,4,Fibroblasts,Stromal_Vascular,0.26171875,0.318594,False,True,False,original_108
PMC9342864,PMC9342864_autophagy_Glioma,Prognostic Model and Nomogram Construction and Validation With an Autophagy-Related Gene Signature in Low-Grade Gliomas,胶质瘤,Glioma_GSE131928,9,8,MES-like Malignant,Malignant,0.3127821683883666,0.352811,False,False,False,original_108
PMC9361349,PMC9361349_DNArepair_SKCM,DNA damage repair-related gene signature predicts prognosis and indicates immune cell infiltration landscape in skin cutaneous melanoma,黑色素瘤,SKCM_GSE120575,12,10,Tprolif,Immune_Hematopoietic,5.0180338000000016e-05,0.001007,True,False,False,original_108
PMC9420977,PMC9420977_cuproptosis_Glioma,Identification of a novel cuproptosis-related gene signature and integrative analyses in patients with lower-grade gliomas,胶质瘤,Glioma_GSE131928,9,8,AC-like Malignant,Malignant,0.0024822801351547,0.018852,True,False,False,original_108
PMC9465161,PMC9465161_m7G_lncRNA_COAD,Identification of N7-methylguanosine-related IncRNA signature as a potential predictive biomarker for colon adenocarcinoma,结直肠癌,GSE81861,5,7,Epithelial,Epithelial_mixed,0.0018444695662521,0.014808,True,True,False,original_108
PMC9468367,PMC9468367_ICD_lncRNA_HCC,Predicting prognosis and immune responses in hepatocellular carcinoma based on N7-methylguanosine-related long noncoding RNAs,肝细胞癌,GSE151530,2,6,Malignant cells,Malignant,0.3055555555555555,0.346214,False,True,False,original_108
PMC9523360,PMC9523360_telomere_KIRC,Telomere-related gene risk model for prognosis and drug treatment efficiency prediction in kidney cancer,肾透明细胞癌,KIRC_GSE159115,10,8,Malignant,Malignant,0.1195021532475948,0.203189,False,False,False,original_108
PMC9524961,PMC9524961_hypoxia_HCC,Construction of a 3-mRNA hypoxia prognostic model to evaluate immune microenvironment in hepatocellular carcinoma,肝细胞癌,GSE151530,3,6,Malignant cells,Malignant,0.4212962962962963,0.435236,False,True,False,original_108
PMC9550247,PMC9550247_autophagy_LUAD,Establishment and validation of individualized clinical prognostic markers for LUAD patients based on autophagy-related genes,非小细胞肺癌,NSCLC_GSE131907,2,3,B,Immune_Hematopoietic,0.5555555555555556,0.55754,False,True,False,original_108
PMC9561419,PMC9561419_glycolysis_immune_LUSC,Development and validation of a combined glycolysis and immune prognostic signature for lung squamous cell carcinoma,非小细胞肺癌,NSCLC_GSE131907,4,3,CD8T,Immune_Hematopoietic,0.1111111111111111,0.193927,False,True,False,original_108
PMC9578220,PMC9578220_chromatin_immune_UCEC,A novel chromatin regulator-related immune checkpoint related gene prognostic signature and potential candidate drugs for endometrial cancer patients,子宫内膜癌,UCEC_GSE139555,9,6,Treg,Immune_Hematopoietic,0.1782595942564649,0.250455,False,False,False,original_108
PMC9614251,PMC9614251_glycolysis_lncRNA_STAD,Construction and validation of a glycolysis-related lncRNA signature for prognosis prediction in Stomach Adenocarcinoma,胃癌,GSE167297,3,9,Plasma,Immune_Hematopoietic,0.0342935528120713,0.09875,False,True,False,original_108
PMC9614380,PMC9614380_aminoacid_KIRC,A novel amino acid metabolism-related gene risk signature for predicting prognosis in clear cell renal cell carcinoma,肾透明细胞癌,KIRC_GSE159115,17,8,Epithelial,Epithelial_mixed,0.013812815405604,0.06363,False,False,False,original_108
PMC9618960,PMC9618960_ICD_LGG,Immunogenic cell death-related risk signature predicts prognosis and characterizes the tumour microenvironment in lower-grade glioma,胶质瘤,Glioma_GSE131928,12,8,CD8Tex,Immune_Hematopoietic,0.011285478103673,0.056855,False,False,False,original_108
PMC9636133,PMC9636133_mitophagy_CRC,A mitophagy-related gene signature associated with prognosis and immune microenvironment in colorectal cancer,结直肠癌,GSE81861,10,7,Endothelial,Stromal_Vascular,0.1616049305615446,0.239005,False,False,False,original_108
PMC9662042,PMC9662042_autophagy_lncRNA_KIRC,A Seven-Autophagy-Related Long Non-Coding RNA Signature Can Accurately Predict the Prognosis of Patients with Renal Cell Carcinoma,肾透明细胞癌,KIRC_GSE159115,2,8,Endothelial,Stromal_Vascular,0.234375,0.304905,False,True,False,original_108
PMC9709208,PMC9709208_ICD_UVM,Development and validation of immunogenic cell death-related signature for predicting the prognosis and immune landscape of uveal melanoma,葡萄膜黑色素瘤,UVM_GSE139829,5,8,CD8Tex,Immune_Hematopoietic,0.01605224609375,0.067959,False,True,False,original_108
PMC9720162,PMC9720162_ICD_lncRNA_HCC,Molecular subtypes and a prognostic model for hepatocellular carcinoma based on immune- and immunogenic cell death-related lncRNAs,肝细胞癌,GSE151530,2,6,Malignant cells,Malignant,0.0277777777777777,0.094043,False,True,False,original_108
PMC9767988,PMC9767988_pyroptosis_lncRNA_STAD,An innovative pyroptosis-related long-noncoding-RNA signature predicts the prognosis of gastric cancer via affecting immune cell infiltration landscape,胃癌,GSE167297,3,9,Fibroblasts,Stromal_Vascular,0.0342935528120713,0.09875,False,True,False,original_108
PMC9805482,PMC9805482_autophagy_OS,Construction and validation of a prognostic model for osteosarcoma patients based on autophagy-related genes,骨肉瘤,OS_GSE162454,3,8,CD8Tex,Immune_Hematopoietic,0.330078125,0.356874,False,True,False,original_108
PMC9843944,PMC9843944_autophagy_LUAD,Improvement of ACK1-targeted therapy efficacy in lung adenocarcinoma using chloroquine or bafilomycin A1,非小细胞肺癌,NSCLC_GSE131907,23,3,CD8T,Immune_Hematopoietic,0.0017483450745004,0.01445,True,False,False,original_108
PMC9870742,PMC9870742_anoikis_LUAD,Identification of a novel anoikis‐related gene signature to predict prognosis and tumor microenvironment in lung adenocarcinoma,非小细胞肺癌,NSCLC_GSE131907,16,3,CD8T,Immune_Hematopoietic,0.0007924645410274,0.008273,True,False,False,original_108
PMC9906058,PMC9906058_ferroptosis_cuproptosis_HCC,"Ferroptosis and cuproptosis prognostic signature for prediction of prognosis, immunotherapy and drug sensitivity in hepatocellular carcinoma: development and validation based on TCGA and ICGC databases",肝细胞癌,GSE151530,9,6,Malignant cells,Malignant,0.0089500616013819,0.047182,True,False,False,original_108
