model,gene,top_celltype
PMC12078231_ubiquitination_ALL,ATL2,Tprolif
PMC12078231_ubiquitination_ALL,MKRN1,Erythrocytes
PMC12078231_ubiquitination_ALL,FBXW8,Malignant
PMC12078231_ubiquitination_ALL,FBXO8,Erythrocytes
PMC12078231_ubiquitination_ALL,DCAF16,Tprolif
PMC12078231_ubiquitination_ALL,WSB1,Malignant
PMC12078231_ubiquitination_ALL,CHFR,CD4Tconv
PMC12078231_ubiquitination_ALL,MDM2,Malignant
PMC12078231_ubiquitination_ALL,SOCS2,Malignant
PMC12378281_disulfidptosis_AML,AIFM2,Plasma
PMC12378281_disulfidptosis_AML,FTMT,Mono/Macro
PMC12378281_disulfidptosis_AML,MYB,Malignant
PMC12378281_disulfidptosis_AML,PRKAA2,HSC
PMC12378281_disulfidptosis_AML,PSAT1,Plasma
PMC12378281_disulfidptosis_AML,SLC7A11,Plasma
PMC12402452_exosome_AML,EXOSC4,EryPro
PMC12402452_exosome_AML,TMEM109,Progenitor
PMC12402452_exosome_AML,THBS1,Mono/Macro
PMC12402452_exosome_AML,MYH9,Mono/Macro
PMC12402452_exosome_AML,HLA-DRA,Malignant
PMC11564170_cuproptosis_AML,LGR4,EryPro
PMC11564170_cuproptosis_AML,C2orf88,Plasma
PMC11564170_cuproptosis_AML,PGAP1,CD4Tconv
PMC11564170_cuproptosis_AML,ACSM1,EryPro
PMC11564170_cuproptosis_AML,PRSS2,HSC
PMC11564170_cuproptosis_AML,SNORD19C,Malignant
PMC11564170_cuproptosis_AML,PSMD6-AS2,Promonocyte
PMC11564170_cuproptosis_AML,CNN3,HSC
PMC12084325_disulfidptosis_lncRNA_AML,LINC01694,Malignant
PMC12084325_disulfidptosis_lncRNA_AML,THAP9-AS1,Progenitor
PMC12084325_disulfidptosis_lncRNA_AML,L3MBTL4-AS1,Malignant
PMC9341065_immune_autophagy_BLCA,CD96,Endothelial
PMC9341065_immune_autophagy_BLCA,CSF3R,Fibroblasts
PMC9341065_immune_autophagy_BLCA,IL10,Fibroblasts
PMC9341065_immune_autophagy_BLCA,OLR1,Epithelial
PMC7880321_immune_BLCA,AHNAK,Epithelial
PMC7880321_immune_BLCA,CALR,Fibroblasts
PMC7880321_immune_BLCA,PLA2G2A,Fibroblasts
PMC7880321_immune_BLCA,OAS1,Epithelial
PMC7880321_immune_BLCA,CDH1,Epithelial
PMC7880321_immune_BLCA,PDGFRA,Fibroblasts
PMC7880321_immune_BLCA,SEMA3F,Endothelial
PMC7880321_immune_BLCA,RAC3,Fibroblasts
PMC7880321_immune_BLCA,IRF5,Epithelial
PMC7880321_immune_BLCA,CARD11,Epithelial
PMC12891303_CAF_BLCA,SERPINF1,Fibroblasts
PMC12891303_CAF_BLCA,DDR2,Fibroblasts
PMC12891303_CAF_BLCA,SLIT2,Fibroblasts
PMC12891303_CAF_BLCA,HSPG2,Endothelial
PMC12891303_CAF_BLCA,ECM1,Fibroblasts
PMC12891303_CAF_BLCA,RECK,Fibroblasts
PMC10140328_CAF_BLCA,LRP1,Fibroblasts
PMC10140328_CAF_BLCA,ANXA5,Fibroblasts
PMC10140328_CAF_BLCA,SERPINE2,Fibroblasts
PMC10140328_CAF_BLCA,ECM1,Fibroblasts
PMC10140328_CAF_BLCA,RBP1,Fibroblasts
PMC10140328_CAF_BLCA,GJA1,Fibroblasts
PMC10140328_CAF_BLCA,FKBP10,Fibroblasts
PMC13355270_mitophagy_BLCA,NTN4,Epithelial
PMC13355270_mitophagy_BLCA,AKR1B1,Epithelial
PMC13355270_mitophagy_BLCA,FBXW7,Endothelial
PMC13355270_mitophagy_BLCA,MYH10,Fibroblasts
PMC13355270_mitophagy_BLCA,IGF2BP3,Epithelial
PMC10564413_senescence_CESC,PTTG1,Malignant
PMC10564413_senescence_CESC,E2F1,Malignant
PMC10564413_senescence_CESC,CBX7,Endometrial stromal cells
PMC10564413_senescence_CESC,SPOP,SMC
PMC10564413_senescence_CESC,RPS6KA6,Endometrial stromal cells
PMC10564413_senescence_CESC,ABI3,Endothelial
PMC12647489_cholesterol_HCC,EPHX2,Malignant cells
PMC12647489_cholesterol_HCC,FABP5,TAMs
PMC12647489_cholesterol_HCC,SQLE,Malignant cells
PMC12647489_cholesterol_HCC,ANXA2,TECs
PMC12647489_cholesterol_HCC,ADH4,Malignant cells
PMC12647489_cholesterol_HCC,HMGCS2,Malignant cells
PMC12647489_cholesterol_HCC,CYP7A1,Malignant cells
PMC12647489_cholesterol_HCC,ACADL,Malignant cells
PMC13490468_ATIC_HCC,ATIC,Malignant cells
PMC13490468_ATIC_HCC,RHEB,Malignant cells
PMC13490468_ATIC_HCC,TMEM74,Malignant cells
PMC13490468_ATIC_HCC,PRKCD,TAMs
PMC9906058_ferroptosis_cuproptosis_HCC,TXNRD1,Malignant cells
PMC9906058_ferroptosis_cuproptosis_HCC,FTL,Malignant cells
PMC9906058_ferroptosis_cuproptosis_HCC,GPX4,Malignant cells
PMC9906058_ferroptosis_cuproptosis_HCC,PRDX1,Malignant cells
PMC9906058_ferroptosis_cuproptosis_HCC,VDAC2,Malignant cells
PMC9906058_ferroptosis_cuproptosis_HCC,OTUB1,Malignant cells
PMC9906058_ferroptosis_cuproptosis_HCC,NRAS,Malignant cells
PMC9906058_ferroptosis_cuproptosis_HCC,SLC38A1,T cells
PMC9906058_ferroptosis_cuproptosis_HCC,SLC1A5,Malignant cells
PMC11577587_glutamine_HCC,G6PD,Malignant cells
PMC11577587_glutamine_HCC,GPX7,Malignant cells
PMC11577587_glutamine_HCC,RRM1,Malignant cells
PMC11577587_glutamine_HCC,RRM2,Malignant cells
PMC9524961_hypoxia_HCC,ENO1,Malignant cells
PMC9524961_hypoxia_HCC,SAP30,Malignant cells
PMC9524961_hypoxia_HCC,STC2,Malignant cells
PMC10294479_autophagy_HCC,GNAI3,TAMs
PMC10294479_autophagy_HCC,FKBP1A,TECs
PMC10294479_autophagy_HCC,BIRC5,Malignant cells
PMC10294479_autophagy_HCC,SH3GLB1,TECs
PMC10294479_autophagy_HCC,HIF1A,TAMs
PMC10294479_autophagy_HCC,RHEB,Malignant cells
PMC10294479_autophagy_HCC,EIF2S1,Malignant cells
PMC10294479_autophagy_HCC,RAB1A,Malignant cells
PMC10294479_autophagy_HCC,ATIC,Malignant cells
PMC10294479_autophagy_HCC,NPC1,Malignant cells
PMC10294479_autophagy_HCC,PRKCD,TAMs
PMC10294479_autophagy_HCC,ATG4B,Malignant cells
PMC10294479_autophagy_HCC,CLN3,Malignant cells
PMC10164321_pyroptosis_HCC,BAK1,Malignant cells
PMC10164321_pyroptosis_HCC,NOD2,TAMs
PMC11491388_disulfidptosis_lncRNA_HCC,TMCC1-AS1,Malignant cells
PMC11491388_disulfidptosis_lncRNA_HCC,FOXD2-AS1,Malignant cells
PMC11491388_disulfidptosis_lncRNA_HCC,LINC01063,Malignant cells
PMC11491388_disulfidptosis_lncRNA_HCC,SLC25A30-AS1,Malignant cells
PMC11382408_cuproptosis_HCC,SOX4,Malignant cells
PMC11382408_cuproptosis_HCC,NDRG2,Malignant cells
PMC11382408_cuproptosis_HCC,MYC,Malignant cells
PMC11382408_cuproptosis_HCC,TM4SF1,TECs
PMC11382408_cuproptosis_HCC,CYB5A,Malignant cells
PMC11382408_cuproptosis_HCC,IFI27,TECs
PMC8605142_glycolysis_HCC,CDCA8,Malignant cells
PMC8605142_glycolysis_HCC,SAP30,Malignant cells
PMC8605142_glycolysis_HCC,UCK2,Malignant cells
PMC10932653_chromatin_HCC,BMI1,Malignant cells
PMC10932653_chromatin_HCC,CBX2,Malignant cells
PMC10932653_chromatin_HCC,MRGBP,Malignant cells
PMC10662873_anoikis_HCC,BSG,Malignant cells
PMC10662873_anoikis_HCC,PLK1,Malignant cells
PMC10662873_anoikis_HCC,SPP1,Malignant cells
PMC10662873_anoikis_HCC,PBK,Malignant cells
PMC10662873_anoikis_HCC,NQO1,Malignant cells
PMC9468367_ICD_lncRNA_HCC,LINC01224,Malignant cells
PMC9468367_ICD_lncRNA_HCC,GABPB1-AS1,Malignant cells
PMC9720162_ICD_lncRNA_HCC,TMEM220-AS1,Malignant cells
PMC9720162_ICD_lncRNA_HCC,LINC01554,Malignant cells
PMC10616163_chromatin_HCC,PPARGC1A,Malignant cells
PMC10616163_chromatin_HCC,DUSP1,T cells
PMC10616163_chromatin_HCC,APOBEC3A,TAMs
PMC10616163_chromatin_HCC,HDAC11,Malignant cells
PMC10616163_chromatin_HCC,HMGB2,T cells
PMC10616163_chromatin_HCC,APOBEC3B,B cells
PMC11866598_telomere_HCC,ASF1A,Malignant cells
PMC11866598_telomere_HCC,CDCA8,Malignant cells
PMC11866598_telomere_HCC,HMMR,Malignant cells
PMC11866598_telomere_HCC,IPO13,Malignant cells
PMC11866598_telomere_HCC,MT3,TAMs
PMC11866598_telomere_HCC,MYCN,Malignant cells
PMC11866598_telomere_HCC,PPM1G,Malignant cells
PMC11866598_telomere_HCC,RAD54B,Malignant cells
PMC11866598_telomere_HCC,RRAGC,Malignant cells
PMC11866598_telomere_HCC,RTN3,Malignant cells
PMC11866598_telomere_HCC,RUVBL1,Malignant cells
PMC11866598_telomere_HCC,SAP30,Malignant cells
PMC11866598_telomere_HCC,SLC7A11,Malignant cells
PMC11866598_telomere_HCC,SMG5,Malignant cells
PMC11866598_telomere_HCC,TALDO1,Malignant cells
PMC11866598_telomere_HCC,TCOF1,TAMs
PMC11866598_telomere_HCC,TRAPPC4,Malignant cells
PMC11866598_telomere_HCC,UAP1L1,Malignant cells
PMC11760997_senescence_STAD,HHIP-AS1,Fibroblasts
PMC11760997_senescence_STAD,LINC01589,Epithelial
PMC11760997_senescence_STAD,LINC01615,Fibroblasts
PMC11760997_senescence_STAD,STARD4-AS1,Fibroblasts
PMC12399450_mitochondrial_STAD,ATP8A2,Endothelial
PMC12399450_mitochondrial_STAD,TARS2,Epithelial
PMC12399450_mitochondrial_STAD,COX15,Epithelial
PMC9767988_pyroptosis_lncRNA_STAD,TUG1,Epithelial
PMC9767988_pyroptosis_lncRNA_STAD,JPX,Epithelial
PMC9767988_pyroptosis_lncRNA_STAD,MGC12916,Mono/Macro
PMC9614251_glycolysis_lncRNA_STAD,AC010719.1,Plasma
PMC9614251_glycolysis_lncRNA_STAD,AC009948.1,DC
PMC9614251_glycolysis_lncRNA_STAD,AL355574.1,Epithelial
PMC9092832_hypoxia_lncRNA_digestive_panCancer,LUCAT1,Mono/Macro
PMC9092832_hypoxia_lncRNA_digestive_panCancer,MIR4435-2HG,Plasma
PMC9092832_hypoxia_lncRNA_digestive_panCancer,AP000695.2,Epithelial
PMC9092832_hypoxia_lncRNA_digestive_panCancer,ADAMTS9-AS2,Fibroblasts
PMC10046686_pyroptosis_lncRNA_STAD,LINC01315,Epithelial
PMC10046686_pyroptosis_lncRNA_STAD,AP003392.1,Fibroblasts
PMC10046686_pyroptosis_lncRNA_STAD,AP000695.2,Epithelial
PMC10046686_pyroptosis_lncRNA_STAD,HAGLR,Endothelial
PMC10046686_pyroptosis_lncRNA_STAD,AL590666.2,Epithelial
PMC8994655_autophagy_lncRNA_STAD,LINC01094,DC
PMC8994655_autophagy_lncRNA_STAD,AC005165.1,Fibroblasts
PMC8994655_autophagy_lncRNA_STAD,LINC00106,Epithelial
PMC11634757_lactylation_STAD,COL4A1,Endothelial
PMC11634757_lactylation_STAD,SLC16A7,Fibroblasts
PMC11634757_lactylation_STAD,IRAK1,Epithelial
PMC8291813_cGASSTING_STAD,IL6,Mono/Macro
PMC8291813_cGASSTING_STAD,NFKB2,DC
PMC8291813_cGASSTING_STAD,TRIM25,Epithelial
PMC10339815_DDR_lncRNA_STAD,LINC00106,Epithelial
PMC10339815_DDR_lncRNA_STAD,AL590705.3,Fibroblasts
PMC10339815_DDR_lncRNA_STAD,AC007405.3,Epithelial
PMC13083393_autophagy_BRCA,ATG5,Cancer Epithelial
PMC13083393_autophagy_BRCA,SLC1A4,Cancer Epithelial
PMC13083393_autophagy_BRCA,AKT3,Endothelial
PMC13083393_autophagy_BRCA,CLTA,Cancer Epithelial
PMC13083393_autophagy_BRCA,HSPA2,Cancer Epithelial
PMC13083393_autophagy_BRCA,MAP2K5,Cancer Epithelial
PMC13083393_autophagy_BRCA,MAP1LC3B,Endothelial
PMC13083393_autophagy_BRCA,ITPR1,Endothelial
PMC13083393_autophagy_BRCA,DDIT4,T-cells
PMC13083393_autophagy_BRCA,RPS6KA3,Endothelial
PMC13083393_autophagy_BRCA,DAPK1,Myeloid
PMC13406258_PCDgenes_BRCA,BRSK2,PVL
PMC13406258_PCDgenes_BRCA,CD24,Cancer Epithelial
PMC13406258_PCDgenes_BRCA,IFNG,T-cells
PMC13406258_PCDgenes_BRCA,LAMB3,Normal Epithelial
PMC13406258_PCDgenes_BRCA,PDX1,Cancer Epithelial
PMC13406258_PCDgenes_BRCA,PMAIP1,Normal Epithelial
PMC13406258_PCDgenes_BRCA,SLC7A11,Cancer Epithelial
PMC13406258_PCDgenes_BRCA,TRIML2,Cancer Epithelial
PMC11855622_mitophagyE3_BRCA,ARIH1,Cancer Epithelial
PMC11855622_mitophagyE3_BRCA,SIAH2,Cancer Epithelial
PMC11855622_mitophagyE3_BRCA,UBR5,Cancer Epithelial
PMC11855622_mitophagyE3_BRCA,WWP2,Myeloid
PMC9035888_autophagy_BRCA,EIF4EBP1,Cancer Epithelial
PMC9035888_autophagy_BRCA,IFNG,T-cells
PMC9035888_autophagy_BRCA,TP63,Normal Epithelial
PMC11085026_ESR_BRCA,ELOVL2,Cancer Epithelial
PMC11085026_ESR_BRCA,IFNG,T-cells
PMC11085026_ESR_BRCA,IGF2BP1,Cancer Epithelial
PMC11085026_ESR_BRCA,MAP2K6,Normal Epithelial
PMC11085026_ESR_BRCA,MZB1,Plasmablasts
PMC11085026_ESR_BRCA,PCSK6,Cancer Epithelial
PMC11085026_ESR_BRCA,PCSK9,Cancer Epithelial
PMC11085026_ESR_BRCA,POP1,Cancer Epithelial
PMC10791883_CAF_BRCA,C1S,CAFs
PMC10791883_CAF_BRCA,CCDC8,CAFs
PMC10791883_CAF_BRCA,COL12A1,CAFs
PMC10791883_CAF_BRCA,CTSO,CAFs
PMC10791883_CAF_BRCA,IGFBP6,CAFs
PMC10791883_CAF_BRCA,MFAP4,CAFs
PMC10791883_CAF_BRCA,NT5E,CAFs
PMC10791883_CAF_BRCA,OSMR,Endothelial
PMC10791883_CAF_BRCA,PDLIM4,Normal Epithelial
PMC10791883_CAF_BRCA,RUNX1,Cancer Epithelial
PMC10791883_CAF_BRCA,SAV1,Cancer Epithelial
PMC10791883_CAF_BRCA,SDC1,Cancer Epithelial
PMC10791883_CAF_BRCA,SGCE,CAFs
PMC10791883_CAF_BRCA,TLN2,Cancer Epithelial
PMC11411761_anoikis_BRCA,YAP1,Cancer Epithelial
PMC11411761_anoikis_BRCA,PIK3R1,T-cells
PMC11411761_anoikis_BRCA,BAK1,Myeloid
PMC11411761_anoikis_BRCA,PHLDA2,Cancer Epithelial
PMC11411761_anoikis_BRCA,EDA2R,CAFs
PMC11411761_anoikis_BRCA,LAMB3,Normal Epithelial
PMC11411761_anoikis_BRCA,CD24,Cancer Epithelial
PMC11411761_anoikis_BRCA,SLC2A1,Cancer Epithelial
PMC11411761_anoikis_BRCA,CDC25C,Cancer Epithelial
PMC11411761_anoikis_BRCA,SLC39A6,Cancer Epithelial
PMC13190656_ferroptosis_CRC,ALG3,Epithelial
PMC13190656_ferroptosis_CRC,CST1,Epithelial
PMC13190656_ferroptosis_CRC,RPS10,Epithelial
PMC13190656_ferroptosis_CRC,TRPV4,Macrophage
PMC13190656_ferroptosis_CRC,SPRR1A,Epithelial
PMC13190656_ferroptosis_CRC,FGFR4,Epithelial
PMC13190656_ferroptosis_CRC,TPM1,Epithelial
PMC13190656_ferroptosis_CRC,KDM1A,Epithelial
PMC11656000_pyroptosis_CRC,IL20RB,Fibroblast
PMC11656000_pyroptosis_CRC,MID2,Macrophage
PMC11656000_pyroptosis_CRC,IFITM10,Macrophage
PMC11656000_pyroptosis_CRC,LAMP5,Fibroblast
PMC11656000_pyroptosis_CRC,CALB2,MastCell
PMC11656000_pyroptosis_CRC,BANK1,Bcell
PMC11656000_pyroptosis_CRC,ANGPTL4,Epithelial
PMC11656000_pyroptosis_CRC,CCL22,Bcell
PMC11656000_pyroptosis_CRC,EGFL7,Endothelial
PMC11656000_pyroptosis_CRC,UPK3B,Epithelial
PMC11656000_pyroptosis_CRC,SPTBN5,Epithelial
PMC11656000_pyroptosis_CRC,TMPRSS11E,MastCell
PMC11656000_pyroptosis_CRC,LINGO1,Epithelial
PMC11656000_pyroptosis_CRC,FENDRR,Fibroblast
PMC11656000_pyroptosis_CRC,TRAF1,Macrophage
PMC11656000_pyroptosis_CRC,RNF207,Epithelial
PMC11656000_pyroptosis_CRC,ROBO3,Endothelial
PMC11656000_pyroptosis_CRC,TMEM88,Endothelial
PMC11656000_pyroptosis_CRC,GRP,Bcell
PMC11656000_pyroptosis_CRC,SYNGR3,Bcell
PMC11656000_pyroptosis_CRC,HOXC11,Epithelial
PMC11656000_pyroptosis_CRC,CHGB,Bcell
PMC11656000_pyroptosis_CRC,HEYL,Fibroblast
PMC11656000_pyroptosis_CRC,P2RX5,Bcell
PMC11656000_pyroptosis_CRC,TOX2,Tcell
PMC11384320_m6A_ferroptosis_COAD,HSD17B11,Epithelial
PMC11384320_m6A_ferroptosis_COAD,VEGFA,Epithelial
PMC11384320_m6A_ferroptosis_COAD,CXCL2,Macrophage
PMC11384320_m6A_ferroptosis_COAD,ASNS,Epithelial
PMC11384320_m6A_ferroptosis_COAD,FABP4,Endothelial
PMC11384320_m6A_ferroptosis_COAD,GPX2,Epithelial
PMC11297001_oxidative_stress_COAD,RYR2,Endothelial
PMC11297001_oxidative_stress_COAD,GSR,Epithelial
PMC11297001_oxidative_stress_COAD,GSTM1,Bcell
PMC11297001_oxidative_stress_COAD,HSPA1A,Fibroblast
PMC11297001_oxidative_stress_COAD,ACADL,Bcell
PMC11297001_oxidative_stress_COAD,STK25,Epithelial
PMC11297001_oxidative_stress_COAD,ALOX12,Epithelial
PMC11297001_oxidative_stress_COAD,MAPK12,Fibroblast
PMC11297001_oxidative_stress_COAD,SERPINA1,Macrophage
PMC11297001_oxidative_stress_COAD,CYP19A1,Fibroblast
PMC11297001_oxidative_stress_COAD,NOL3,Epithelial
PMC11297001_oxidative_stress_COAD,NGF,Bcell
PMC11297001_oxidative_stress_COAD,GDF15,Epithelial
PMC11297001_oxidative_stress_COAD,NTRK2,Epithelial
PMC11297001_oxidative_stress_COAD,DAPK1,Macrophage
PMC11297001_oxidative_stress_COAD,UCN,Macrophage
PMC11297001_oxidative_stress_COAD,HBA2,Epithelial
PMC11914417_disulfidptosis_CRC,VSIG4,Macrophage
PMC11914417_disulfidptosis_CRC,SCG2,Epithelial
PMC11914417_disulfidptosis_CRC,INHBB,Epithelial
PMC11914417_disulfidptosis_CRC,DDC,Epithelial
PMC11914417_disulfidptosis_CRC,CXCL13,Tcell
PMC11914417_disulfidptosis_CRC,KLK10,Epithelial
PMC11914417_disulfidptosis_CRC,CXCL10,Macrophage
PMC11914417_disulfidptosis_CRC,CCL11,Fibroblast
PMC8377503_glycolysis_colon,PPP2CB,Epithelial
PMC8377503_glycolysis_colon,PGM2,Epithelial
PMC8377503_glycolysis_colon,PPARGC1A,Epithelial
PMC8377503_glycolysis_colon,ENO3,Tcell
PMC8377503_glycolysis_colon,PMM2,Epithelial
PMC8377503_glycolysis_colon,P4HA1,Fibroblast
PMC8377503_glycolysis_colon,STC2,Epithelial
PMC8377503_glycolysis_colon,CHPF2,Bcell
PMC8812245_glycolysis_READ,ANKZF1,Epithelial
PMC8812245_glycolysis_READ,STC2,Epithelial
PMC8812245_glycolysis_READ,SUCLG2P2,Epithelial
PMC8812245_glycolysis_READ,P4HA1,Fibroblast
PMC8812245_glycolysis_READ,GPC1,Epithelial
PMC8812245_glycolysis_READ,PCK1,Epithelial
PMC11483459_cuproptosis_CRC,CDKN2A,Epithelial
PMC11483459_cuproptosis_CRC,DLAT,Epithelial
PMC11920466_COAD,HEYL,Fibroblast
PMC11920466_COAD,FSTL3,Fibroblast
PMC11920466_COAD,CALB2,MastCell
PMC11920466_COAD,HOMER3,Epithelial
PMC11920466_COAD,FABP4,Endothelial
PMC11920466_COAD,MEGF6,Fibroblast
PMC11920466_COAD,ADAM8,Macrophage
PMC11920466_COAD,TIMP1,Fibroblast
PMC11920466_COAD,CLCA1,Epithelial
PMC11920466_COAD,NOS2,MastCell
PMC10531437_lipid_ERstress_CRC,MMP3,Fibroblast
PMC10531437_lipid_ERstress_CRC,HSPA8,Fibroblast
PMC10531437_lipid_ERstress_CRC,PTGIS,Fibroblast
PMC10531437_lipid_ERstress_CRC,CPT2,Epithelial
PMC10531437_lipid_ERstress_CRC,GPI,Epithelial
PMC10531437_lipid_ERstress_CRC,CDKN2A,Epithelial
PMC10531437_lipid_ERstress_CRC,SPP1,Macrophage
PMC10531437_lipid_ERstress_CRC,GRP,Bcell
PMC10531437_lipid_ERstress_CRC,APOE,Fibroblast
PMC10531437_lipid_ERstress_CRC,CHGA,Bcell
PMC10531437_lipid_ERstress_CRC,CAV1,Fibroblast
PMC10531437_lipid_ERstress_CRC,GSTM1,Bcell
PMC10531437_lipid_ERstress_CRC,VEGFA,Epithelial
PMC10531437_lipid_ERstress_CRC,LAMA2,Fibroblast
PMC10531437_lipid_ERstress_CRC,TIMP1,Fibroblast
PMC10531437_lipid_ERstress_CRC,AGRN,Epithelial
PMC10531437_lipid_ERstress_CRC,HSPA1A,Fibroblast
PMC10531437_lipid_ERstress_CRC,SNAP25,Bcell
PMC9636133_mitophagy_CRC,AMBRA1,Fibroblast
PMC9636133_mitophagy_CRC,ATG14,Epithelial
PMC9636133_mitophagy_CRC,MAP1LC3A,Epithelial
PMC9636133_mitophagy_CRC,MAP1LC3B,Epithelial
PMC9636133_mitophagy_CRC,OPTN,Epithelial
PMC9636133_mitophagy_CRC,VDAC1,Epithelial
PMC9636133_mitophagy_CRC,ATG5,Epithelial
PMC9636133_mitophagy_CRC,CSNK2A2,Epithelial
PMC9636133_mitophagy_CRC,MFN1,Macrophage
PMC9636133_mitophagy_CRC,TOMM22,Epithelial
PMC10900655_lactylation_CRC,HSPA1B,Epithelial
PMC10900655_lactylation_CRC,LGALS4,Epithelial
PMC10900655_lactylation_CRC,HSPB1,Epithelial
PMC10900655_lactylation_CRC,ARPC1B,Endothelial
PMC10900655_lactylation_CRC,ACTG1,Epithelial
PMC10900655_lactylation_CRC,LEPROTL1,Tcell
PMC10900655_lactylation_CRC,HMGN2,Tcell
PMC10900655_lactylation_CRC,SFPQ,MastCell
PMC10900655_lactylation_CRC,RBM3,Endothelial
PMC10900655_lactylation_CRC,SLC2A3,Macrophage
PMC10900655_lactylation_CRC,LY6E,Fibroblast
PMC10900655_lactylation_CRC,ARL4C,Tcell
PMC10900655_lactylation_CRC,UBE2I,Epithelial
PMC10900655_lactylation_CRC,AP2M1,Endothelial
PMC10900655_lactylation_CRC,TERF2IP,Endothelial
PMC10900655_lactylation_CRC,H2AFY,Epithelial
PMC10900655_lactylation_CRC,RAB5C,Macrophage
PMC10900655_lactylation_CRC,LITAF,Macrophage
PMC10900655_lactylation_CRC,MED10,Endothelial
PMC10900655_lactylation_CRC,RBM17,Epithelial
PMC10900655_lactylation_CRC,METTL9,Epithelial
PMC10900655_lactylation_CRC,NR1H2,Epithelial
PMC10900655_lactylation_CRC,PTTG1,Tcell
PMC9465161_m7G_lncRNA_COAD,LINC01011,Epithelial
PMC9465161_m7G_lncRNA_COAD,ALMS1-IT1,Epithelial
PMC9465161_m7G_lncRNA_COAD,ALKBH3-AS1,Epithelial
PMC9465161_m7G_lncRNA_COAD,LENG8-AS1,Endothelial
PMC9465161_m7G_lncRNA_COAD,NDUFB2-AS1,Epithelial
PMC9420977_cuproptosis_Glioma,FDX1,MES-like Malignant
PMC9420977_cuproptosis_Glioma,LIPT1,MES-like Malignant
PMC9420977_cuproptosis_Glioma,DLD,NPC-like Malignant
PMC9420977_cuproptosis_Glioma,DBT,MES-like Malignant
PMC9420977_cuproptosis_Glioma,GCSH,MES-like Malignant
PMC9420977_cuproptosis_Glioma,DLAT,MES-like Malignant
PMC9420977_cuproptosis_Glioma,SLC31A1,MES-like Malignant
PMC9420977_cuproptosis_Glioma,ATP7A,MES-like Malignant
PMC9420977_cuproptosis_Glioma,ATP7B,MES-like Malignant
PMC12239816_hypoxia_Glioma,ALOX5,Mono/Macro
PMC12239816_hypoxia_Glioma,NGB,NPC-like Malignant
PMC12239816_hypoxia_Glioma,SLC2A1,MES-like Malignant
PMC12239816_hypoxia_Glioma,ATF3,Mono/Macro
PMC12239816_hypoxia_Glioma,OXSR1,MES-like Malignant
PMC12239816_hypoxia_Glioma,SLC2A3,Mono/Macro
PMC12239816_hypoxia_Glioma,CAPG,Mono/Macro
PMC12239816_hypoxia_Glioma,PRDX1,MES-like Malignant
PMC12239816_hypoxia_Glioma,SLC40A1,AC-like Malignant
PMC12239816_hypoxia_Glioma,CEBPG,MES-like Malignant
PMC12239816_hypoxia_Glioma,RGS4,MES-like Malignant
PMC12239816_hypoxia_Glioma,STEAP3,MES-like Malignant
PMC12239816_hypoxia_Glioma,HAMP,Mono/Macro
PMC12239816_hypoxia_Glioma,RPL8,MES-like Malignant
PMC12239816_hypoxia_Glioma,TF,Oligodendrocyte
PMC12239816_hypoxia_Glioma,HMOX1,Mono/Macro
PMC12239816_hypoxia_Glioma,RRM2,Malignant
PMC12239816_hypoxia_Glioma,VEGFA,MES-like Malignant
PMC12239816_hypoxia_Glioma,MAP3K5,AC-like Malignant
PMC12239816_hypoxia_Glioma,SESN2,MES-like Malignant
PMC12239816_hypoxia_Glioma,XBP1,Mono/Macro
PMC12239816_hypoxia_Glioma,NCF2,Mono/Macro
PMC12239816_hypoxia_Glioma,SLC1A4,AC-like Malignant
PMC9086515_ferroptosis_Glioma,DPP4,MES-like Malignant
PMC9086515_ferroptosis_Glioma,CAPG,Mono/Macro
PMC9086515_ferroptosis_Glioma,HSPB1,MES-like Malignant
PMC9086515_ferroptosis_Glioma,AURKA,MES-like Malignant
PMC9086515_ferroptosis_Glioma,SESN2,MES-like Malignant
PMC9086515_ferroptosis_Glioma,PGD,MES-like Malignant
PMC9086515_ferroptosis_Glioma,ARNTL,MES-like Malignant
PMC9086515_ferroptosis_Glioma,LAMP2,Oligodendrocyte
PMC9086515_ferroptosis_Glioma,EIF2AK4,MES-like Malignant
PMC9342864_autophagy_Glioma,DIRAS3,MES-like Malignant
PMC9342864_autophagy_Glioma,CFLAR,Mono/Macro
PMC9342864_autophagy_Glioma,BAX,Mono/Macro
PMC9342864_autophagy_Glioma,TP53,OPC-like Malignant
PMC9342864_autophagy_Glioma,GRID2,OPC-like Malignant
PMC9342864_autophagy_Glioma,BIRC5,Malignant
PMC9342864_autophagy_Glioma,MAPK9,MES-like Malignant
PMC9342864_autophagy_Glioma,PTK6,OPC-like Malignant
PMC9342864_autophagy_Glioma,MYC,MES-like Malignant
PMC9097333_autophagy_GBM,NDUFB9,MES-like Malignant
PMC9097333_autophagy_GBM,BAK1,MES-like Malignant
PMC9097333_autophagy_GBM,SUPT3H,CD8Tex
PMC9097333_autophagy_GBM,GAPDH,MES-like Malignant
PMC9097333_autophagy_GBM,CDKN1B,NPC-like Malignant
PMC9097333_autophagy_GBM,CHMP6,MES-like Malignant
PMC9097333_autophagy_GBM,EGFR,OPC-like Malignant
PMC9618960_ICD_LGG,IL17RA,Mono/Macro
PMC9618960_ICD_LGG,IL1R1,MES-like Malignant
PMC9618960_ICD_LGG,EIF2AK3,MES-like Malignant
PMC9618960_ICD_LGG,CD4,Mono/Macro
PMC9618960_ICD_LGG,PRF1,CD8Tex
PMC9618960_ICD_LGG,CXCR3,CD8Tex
PMC9618960_ICD_LGG,CD8A,CD8Tex
PMC9618960_ICD_LGG,BAX,Mono/Macro
PMC9618960_ICD_LGG,PDIA3,MES-like Malignant
PMC9618960_ICD_LGG,CASP8,CD8Tex
PMC9618960_ICD_LGG,MYD88,MES-like Malignant
PMC9618960_ICD_LGG,CASP1,Mono/Macro
PMC12354743_NETs_Glioma,MAPK1,MES-like Malignant
PMC12354743_NETs_Glioma,P2RX1,AC-like Malignant
PMC12354743_NETs_Glioma,PARVB,MES-like Malignant
PMC12354743_NETs_Glioma,STAT3,OPC-like Malignant
PMC8791745_hypoxia_lncRNA_HNSCC,AC144831.1,Mono/Macro
PMC8791745_hypoxia_lncRNA_HNSCC,MIAT,CD8Tex
PMC8791745_hypoxia_lncRNA_HNSCC,MSC-AS1,Tprolif
PMC10683111_anoikis_lncRNA_HNSCC,RAB11B-AS1,Plasma
PMC10683111_anoikis_lncRNA_HNSCC,LINC01503,Mono/Macro
PMC10184413_cuproptosis_ferroptosis_KIRC,TRIB3,Malignant
PMC10184413_cuproptosis_ferroptosis_KIRC,SLC2A3,Endothelial
PMC10184413_cuproptosis_ferroptosis_KIRC,PML,Endothelial
PMC10184413_cuproptosis_ferroptosis_KIRC,CD44,Mono/Macro
PMC10184413_cuproptosis_ferroptosis_KIRC,CDKN2A,Pericytes
PMC10184413_cuproptosis_ferroptosis_KIRC,MIOX,Epithelial
PMC9662042_autophagy_lncRNA_KIRC,HOTAIRM1,Endothelial
PMC9662042_autophagy_lncRNA_KIRC,LINC01507,Malignant
PMC9614380_aminoacid_KIRC,ACADSB,Epithelial
PMC9614380_aminoacid_KIRC,BCKDHB,Epithelial
PMC9614380_aminoacid_KIRC,CBS,Malignant
PMC9614380_aminoacid_KIRC,CSAD,Malignant
PMC9614380_aminoacid_KIRC,HAO1,Epithelial
PMC9614380_aminoacid_KIRC,HIBCH,Epithelial
PMC9614380_aminoacid_KIRC,HOGA1,Epithelial
PMC9614380_aminoacid_KIRC,IL4I1,Mono/Macro
PMC9614380_aminoacid_KIRC,IYD,Epithelial
PMC9614380_aminoacid_KIRC,NNMT,Malignant
PMC9614380_aminoacid_KIRC,PSAT1,Epithelial
PMC9614380_aminoacid_KIRC,PYCR1,Malignant
PMC9614380_aminoacid_KIRC,RIMKLA,Malignant
PMC9614380_aminoacid_KIRC,RPL13,Malignant
PMC9614380_aminoacid_KIRC,RPL22L1,Malignant
PMC9614380_aminoacid_KIRC,RPL36A,CD8T
PMC9614380_aminoacid_KIRC,SLC5A5,Endothelial
PMC9523360_telomere_KIRC,ISG15,Endothelial
PMC9523360_telomere_KIRC,RFC2,Malignant
PMC9523360_telomere_KIRC,TRIM15,Malignant
PMC9523360_telomere_KIRC,NEK6,Malignant
PMC9523360_telomere_KIRC,PRKCQ,Epithelial
PMC9523360_telomere_KIRC,ATP1A1,Malignant
PMC9523360_telomere_KIRC,ELOVL3,Endothelial
PMC9523360_telomere_KIRC,TUBB2B,Epithelial
PMC9523360_telomere_KIRC,PLCL1,Epithelial
PMC9523360_telomere_KIRC,NR1H3,Mono/Macro
PMC12504172_nucleotide_MB,EIF4EBP1,Mono/Macro
PMC12504172_nucleotide_MB,PRKDC,Malignant
PMC12504172_nucleotide_MB,SCARB1,Mono/Macro
PMC12504172_nucleotide_MB,COL4A5,Malignant
PMC12504172_nucleotide_MB,SMN1,Malignant
PMC12504172_nucleotide_MB,FASN,Malignant
PMC12504172_nucleotide_MB,PLPBP,Mono/Macro
PMC12504172_nucleotide_MB,PTPN1,Mono/Macro
PMC12504172_nucleotide_MB,ATAD3A,Malignant
PMC12504172_nucleotide_MB,APTX,Malignant
PMC12504172_nucleotide_MB,EIF2AK3,Malignant
PMC12504172_nucleotide_MB,LYST,Neutrophils
PMC12504172_nucleotide_MB,PDE4D,Malignant
PMC12504172_nucleotide_MB,HDAC8,Malignant
PMC12504172_nucleotide_MB,PINK1,Malignant
PMC13333213_pyroptosis_NSCLC,PRKACA,B
PMC13333213_pyroptosis_NSCLC,CASP4,B
PMC10475834_cuproptosis_lncRNA_LUAD,LINC00324,B
PMC10475834_cuproptosis_lncRNA_LUAD,COLCA1,B
PMC10475834_cuproptosis_lncRNA_LUAD,HAGLR,CD8T
PMC10475834_cuproptosis_lncRNA_LUAD,MIR4435-2HG,CD8T
PMC10475834_cuproptosis_lncRNA_LUAD,NKILA,B
PMC10085621_hypoxia_NSCLC,IGFBP3,CD4Tconv
PMC10085621_hypoxia_NSCLC,DDIT4,CD8T
PMC10085621_hypoxia_NSCLC,PHLDA2,CD8T
PMC10085621_hypoxia_NSCLC,RRAS,CD8T
PMC10085621_hypoxia_NSCLC,WDR4,B
PMC10085621_hypoxia_NSCLC,EXO1,CD8T
PMC10085621_hypoxia_NSCLC,ECT2,CD8T
PMC10085621_hypoxia_NSCLC,TYMS,B
PMC10085621_hypoxia_NSCLC,CDC25C,CD8T
PMC10085621_hypoxia_NSCLC,PLK1,B
PMC10085621_hypoxia_NSCLC,FERMT1,CD8T
PMC10085621_hypoxia_NSCLC,PCSK9,CD8T
PMC9561419_glycolysis_immune_LUSC,PYGB,B
PMC9561419_glycolysis_immune_LUSC,SERPIND1,B
PMC9561419_glycolysis_immune_LUSC,MDH1,B
PMC9561419_glycolysis_immune_LUSC,TSLP,CD8T
PMC10414028_hypoxia_LUAD,HK1,B
PMC10414028_hypoxia_LUAD,PDK3,B
PMC10414028_hypoxia_LUAD,PFKL,B
PMC10414028_hypoxia_LUAD,SLC2A1,B
PMC10414028_hypoxia_LUAD,STC1,B
PMC10414028_hypoxia_LUAD,XPNPEP1,B
PMC9550247_autophagy_LUAD,EIF2AK3,B
PMC9550247_autophagy_LUAD,ITGB1,CD8T
PMC12210501_ferroptosis_LUAD,PPP1R14B,B
PMC12210501_ferroptosis_LUAD,PLEK2,CD4Tconv
PMC12210501_ferroptosis_LUAD,RHOV,CD8T
PMC12210501_ferroptosis_LUAD,C1QTNF6,CD4Tconv
PMC11310873_lncRNA_LUAD,LINC01352,B
PMC11310873_lncRNA_LUAD,LINC00968,B
PMC9843944_autophagy_LUAD,APOL1,CD8T
PMC9843944_autophagy_LUAD,ARSA,B
PMC9843944_autophagy_LUAD,ATG10,B
PMC9843944_autophagy_LUAD,ATG12,B
PMC9843944_autophagy_LUAD,ATG4A,B
PMC9843944_autophagy_LUAD,BCL2L1,CD8T
PMC9843944_autophagy_LUAD,BNIP3L,B
PMC9843944_autophagy_LUAD,CAPNS1,B
PMC9843944_autophagy_LUAD,CX3CL1,CD4Tconv
PMC9843944_autophagy_LUAD,DAPK2,CD8T
PMC9843944_autophagy_LUAD,EEF2K,B
PMC9843944_autophagy_LUAD,EIF2S1,B
PMC9843944_autophagy_LUAD,EIF4G1,B
PMC9843944_autophagy_LUAD,GNAI3,CD8T
PMC9843944_autophagy_LUAD,KLHL24,B
PMC9843944_autophagy_LUAD,MAPK8IP1,B
PMC9843944_autophagy_LUAD,MBTPS2,B
PMC9843944_autophagy_LUAD,NLRC4,B
PMC9843944_autophagy_LUAD,PRKCD,B
PMC9843944_autophagy_LUAD,RELA,B
PMC9843944_autophagy_LUAD,SIRT2,CD8T
PMC9843944_autophagy_LUAD,SPHK1,CD8T
PMC9843944_autophagy_LUAD,ST13,B
PMC8379743_m6A_LUAD,CLEC3B,CD4Tconv
PMC8379743_m6A_LUAD,TENM3,B
PMC8379743_m6A_LUAD,IGF2BP1,B
PMC8379743_m6A_LUAD,E2F7,CD8T
PMC8379743_m6A_LUAD,ANLN,B
PMC8379743_m6A_LUAD,ANKRD18B,CD4Tconv
PMC8379743_m6A_LUAD,FBN2,B
PMC9870742_anoikis_LUAD,CDH2,B
PMC9870742_anoikis_LUAD,PARP1,B
PMC9870742_anoikis_LUAD,LAMB3,CD8T
PMC9870742_anoikis_LUAD,ANGPTL4,CD8T
PMC9870742_anoikis_LUAD,PPARG,CD8T
PMC9870742_anoikis_LUAD,PAK1,B
PMC9870742_anoikis_LUAD,CAV1,CD8T
PMC9870742_anoikis_LUAD,PLAT,CD8T
PMC9870742_anoikis_LUAD,FGF2,B
PMC9870742_anoikis_LUAD,ITGA8,CD8T
PMC9870742_anoikis_LUAD,ITGB4,CD8T
PMC9870742_anoikis_LUAD,HMGA1,B
PMC9870742_anoikis_LUAD,SLC2A1,B
PMC9870742_anoikis_LUAD,PLK1,B
PMC9870742_anoikis_LUAD,TIMP1,CD8T
PMC9870742_anoikis_LUAD,PBK,B
PMC12971589_CAF_OSCC,THBS1,Gland
PMC12971589_CAF_OSCC,SLFN11,Mono/Macro
PMC12971589_CAF_OSCC,TSPAN11,Mono/Macro
PMC12971589_CAF_OSCC,ADAMTS15,Ductal
PMC12971589_CAF_OSCC,CCR7,NK
PMC12971589_CAF_OSCC,AQP1,Endothelial
PMC12971589_CAF_OSCC,IL13RA2,Malignant
PMC12971589_CAF_OSCC,SERPINB7,Malignant
PMC10599730_ERstress_OSCC,IBSP,Endothelial
PMC10599730_ERstress_OSCC,RDM1,Treg
PMC10599730_ERstress_OSCC,RBP4,Endothelial
PMC12047218_glycolysis_OS,CHPF,Malignant
PMC12047218_glycolysis_OS,RRAGD,Osteoblasts
PMC12047218_glycolysis_OS,TPR,Malignant
PMC12047218_glycolysis_OS,VCAN,Malignant
PMC12906242_m6A_OS,CASP8AP2,Fibroblasts
PMC12906242_m6A_OS,DNMT1,Fibroblasts
PMC12906242_m6A_OS,GTF2F1,Fibroblasts
PMC12906242_m6A_OS,KCNK7,Mono/Macro
PMC12906242_m6A_OS,KRT14,Fibroblasts
PMC12906242_m6A_OS,LATS1,Osteoblasts
PMC12906242_m6A_OS,MCAM,Endothelial
PMC12906242_m6A_OS,NAV2,Osteoblasts
PMC12906242_m6A_OS,NIN,Fibroblasts
PMC12906242_m6A_OS,NNT,Osteoblasts
PMC12906242_m6A_OS,NR4A3,Mono/Macro
PMC12906242_m6A_OS,PPOX,Fibroblasts
PMC12906242_m6A_OS,SLC7A1,Osteoblasts
PMC12906242_m6A_OS,TRAP1,Osteoblasts
PMC9805482_autophagy_OS,CXCR4,CD4Tconv
PMC9805482_autophagy_OS,MBTPS2,Fibroblasts
PMC9805482_autophagy_OS,MYC,Malignant
PMC10076677_anoikis_lncRNA_OS,MEF2C-AS1,Fibroblasts
PMC10076677_anoikis_lncRNA_OS,TBX2-AS1,Fibroblasts
PMC8464158_glycolysis_lncRNA_OV,AC133644.2,CD8T
PMC8464158_glycolysis_lncRNA_OV,LINC00240,Epithelial
PMC8464158_glycolysis_lncRNA_OV,TMEM254-AS1,Epithelial
PMC10807923_anoikis_OV,NTRK2,Myofibroblasts
PMC10807923_anoikis_OV,FN1,Fibroblasts
PMC10807923_anoikis_OV,MTOR,Malignant
PMC10807923_anoikis_OV,IGF1,Fibroblasts
PMC10807923_anoikis_OV,ABHD4,Malignant
PMC10807923_anoikis_OV,HMCN1,Fibroblasts
PMC10807923_anoikis_OV,CDKN1B,Malignant
PMC10807923_anoikis_OV,KRAS,Malignant
PMC10807923_anoikis_OV,MAVS,Epithelial
PMC10807923_anoikis_OV,RB1,Mono/Macro
PMC10807923_anoikis_OV,CRYAB,Epithelial
PMC10807923_anoikis_OV,LRP1,Fibroblasts
PMC10807923_anoikis_OV,LPAR1,Fibroblasts
PMC11504279_hypoxia_PAAD,SLC2A1,Malignant
PMC11504279_hypoxia_PAAD,CA9,Malignant
PMC11504279_hypoxia_PAAD,PLAU,Fibroblasts
PMC9124146_autophagy_lncRNA_PAAD,FLVCR1-DT,Epithelial
PMC9124146_autophagy_lncRNA_PAAD,AC125494.2,Malignant
PMC9124146_autophagy_lncRNA_PAAD,AC012306.2,Epithelial
PMC9124146_autophagy_lncRNA_PAAD,AC036176.1,Fibroblasts
PMC9124146_autophagy_lncRNA_PAAD,LINC01089,Malignant
PMC9124146_autophagy_lncRNA_PAAD,AC005696.1,Epithelial
PMC9124146_autophagy_lncRNA_PAAD,LINC02257,Fibroblasts
PMC11550951_cuproptosis_lncRNA_PRAD,AC010896.1,Fibroblasts
PMC11550951_cuproptosis_lncRNA_PRAD,AC016394.2,Fibroblasts
PMC11550951_cuproptosis_lncRNA_PRAD,SNHG9,Epithelial
PMC10469923_anoikis_PRAD,EGF,Epithelial
PMC10469923_anoikis_PRAD,MYC,Fibroblasts
PMC10469923_anoikis_PRAD,PLK1,Mono/Macro
PMC10469923_anoikis_PRAD,EZH2,Fibroblasts
PMC10469923_anoikis_PRAD,NOX4,Fibroblasts
PMC10469923_anoikis_PRAD,BMP6,Endothelial
PMC10469923_anoikis_PRAD,MMP11,Fibroblasts
PMC12219082_necroptosis_SKCM,TUFM,Mono/Macro
PMC12219082_necroptosis_SKCM,CD53,B
PMC12219082_necroptosis_SKCM,KLRC1,NK
PMC12219082_necroptosis_SKCM,STAT4,NK
PMC12219082_necroptosis_SKCM,IFI35,Mono/Macro
PMC12219082_necroptosis_SKCM,XCL1,NK
PMC12219082_necroptosis_SKCM,TAPBP,CD8Tex
PMC12219082_necroptosis_SKCM,SOD2,Mono/Macro
PMC12905907_disulfidptosis_SKCM,UCP2,Treg
PMC12905907_disulfidptosis_SKCM,TMX4,Tprolif
PMC12905907_disulfidptosis_SKCM,WWTR1,Tprolif
PMC12905907_disulfidptosis_SKCM,CDH19,Plasma
PMC12905907_disulfidptosis_SKCM,CD79A,B
PMC9048552_autophagy_lncRNA_SKCM,AC090948.3,CD4Tconv
PMC9048552_autophagy_lncRNA_SKCM,USP30-AS1,Tprolif
PMC9048552_autophagy_lncRNA_SKCM,AC068282.1,DC
PMC9048552_autophagy_lncRNA_SKCM,AC004687.1,Mono/Macro
PMC9048552_autophagy_lncRNA_SKCM,AL133371.2,Mono/Macro
PMC9048552_autophagy_lncRNA_SKCM,PCED1B-AS1,CD8Tex
PMC9048552_autophagy_lncRNA_SKCM,HLA-DQB1-AS1,Mono/Macro
PMC9048552_autophagy_lncRNA_SKCM,AC011374.2,Mono/Macro
PMC9048552_autophagy_lncRNA_SKCM,LINC00324,Mono/Macro
PMC9048552_autophagy_lncRNA_SKCM,ITGB2-AS1,Mono/Macro
PMC9048552_autophagy_lncRNA_SKCM,LINC00520,Mono/Macro
PMC9048552_autophagy_lncRNA_SKCM,DBH-AS1,CD8Tex
PMC11178724_cuproptosis_methylation_SKCM,AOC1,Mono/Macro
PMC11178724_cuproptosis_methylation_SKCM,ACO1,Mono/Macro
PMC11178724_cuproptosis_methylation_SKCM,DPYD,Mono/Macro
PMC11178724_cuproptosis_methylation_SKCM,ABCB8,Mono/Macro
PMC11178724_cuproptosis_methylation_SKCM,CIAO1,Tprolif
PMC10980369_ERstress_SKCM,ZBP1,Plasma
PMC10980369_ERstress_SKCM,DIABLO,Tprolif
PMC10980369_ERstress_SKCM,GNLY,NK
PMC10980369_ERstress_SKCM,FASLG,CD8Tex
PMC10980369_ERstress_SKCM,AURKA,Tprolif
PMC10980369_ERstress_SKCM,TNFRSF21,DC
PMC10980369_ERstress_SKCM,CD40LG,CD4Tconv
PMC9361349_DNArepair_SKCM,TYMS,Tprolif
PMC9361349_DNArepair_SKCM,SNAPC5,Mono/Macro
PMC9361349_DNArepair_SKCM,CMPK2,Mono/Macro
PMC9361349_DNArepair_SKCM,PDE4B,B
PMC9361349_DNArepair_SKCM,HCLS1,CD8Tex
PMC9361349_DNArepair_SKCM,NME1,Tprolif
PMC9361349_DNArepair_SKCM,POLR2A,Tprolif
PMC9361349_DNArepair_SKCM,COX17,Tprolif
PMC9361349_DNArepair_SKCM,LIG1,Tprolif
PMC9361349_DNArepair_SKCM,POLE4,Mono/Macro
PMC9361349_DNArepair_SKCM,GTF2H1,Mono/Macro
PMC9361349_DNArepair_SKCM,AK1,CD8Tex
PMC12179157_PANoptosis_SKCM,CTSS,Mono/Macro
PMC12179157_PANoptosis_SKCM,ADAMDEC1,Mono/Macro
PMC12179157_PANoptosis_SKCM,CMAHP,Tprolif
PMC12179157_PANoptosis_SKCM,CD69,B
PMC12179157_PANoptosis_SKCM,PIM2,Treg
PMC12179157_PANoptosis_SKCM,CRIP1,Tprolif
PMC12179157_PANoptosis_SKCM,LSP1,CD8Tex
PMC12179157_PANoptosis_SKCM,BCL11B,CD8Tex
PMC12179157_PANoptosis_SKCM,CCR7,B
PMC10469729_glutamine_UCEC,PHGDH,Fibroblasts
PMC10469729_glutamine_UCEC,ASRGL1,Fibroblasts
PMC10469729_glutamine_UCEC,ASNS,Fibroblasts
PMC7847640_glycolysis_lncRNA_UCEC,BOLA3-AS1,Fibroblasts
PMC7847640_glycolysis_lncRNA_UCEC,RAB11B-AS1,Fibroblasts
PMC9578220_chromatin_immune_UCEC,BTNL9,CD8Tex
PMC9578220_chromatin_immune_UCEC,CD40LG,CD4Tconv
PMC9578220_chromatin_immune_UCEC,CD47,Fibroblasts
PMC9578220_chromatin_immune_UCEC,HLA-DMB,CD8T
PMC9578220_chromatin_immune_UCEC,HLA-DRB5,Tprolif
PMC9578220_chromatin_immune_UCEC,HLA-G,CD8Tex
PMC9578220_chromatin_immune_UCEC,TNFRSF14,Treg
PMC9578220_chromatin_immune_UCEC,TNFRSF18,Treg
PMC9578220_chromatin_immune_UCEC,TNFRSF4,Treg
PMC12891315_CAF_UCEC,ANLN,Tprolif
PMC12891315_CAF_UCEC,ASPM,Tprolif
PMC12891315_CAF_UCEC,CENPI,Tprolif
PMC12891315_CAF_UCEC,CKAP2L,Tprolif
PMC12891315_CAF_UCEC,DNA2,Tprolif
PMC12891315_CAF_UCEC,KIF14,Tprolif
PMC12891315_CAF_UCEC,LTB,Treg
PMC12891315_CAF_UCEC,POLQ,Tprolif
PMC12891315_CAF_UCEC,TTK,Tprolif
PMC12891315_CAF_UCEC,CDK16,Fibroblasts
PMC12891315_CAF_UCEC,CIT,Tprolif
PMC12891315_CAF_UCEC,SERPING1,Fibroblasts
PMC12055729_lactylation_UCEC,SCGB2A1,Fibroblasts
PMC10287976_chromatin_UVM,RUVBL1,Malignant
PMC10287976_chromatin_UVM,SIRT3,Malignant
PMC10287976_chromatin_UVM,SMARCD3,Malignant
PMC9709208_ICD_UVM,CASP8,CD8Tex
PMC9709208_ICD_UVM,ENTPD1,CD8Tex
PMC9709208_ICD_UVM,FOXP3,CD8Tex
PMC9709208_ICD_UVM,IL6,Mono/Macro
PMC9709208_ICD_UVM,LY96,Mono/Macro
