PRISMA section,Item # (per 2020),Requirement,Applicability,Location in this study
Title,1,"State in the title that this is an audit/methodological study, not a systematic review of treatment efficacy",Yes,"Title reads 'Auditing the ""XX-Related"" Prognostic Signature Paradigm at Scale...'"
Abstract,2,Structured abstract: Background/Methods/Results/Conclusions,Yes,"Abstract section, with four paragraphs: Background/Methods/Results/Conclusions"
Introduction - Rationale,3,State the scientific background and rationale for the study,Yes,"Section 1, Introduction"
Introduction - Objectives,4,State objectives explicitly using PICO or an equivalent framework,Partially applicable,"This study is not an intervention-comparison design; it substitutes ""whether the candidate gene panel is significantly concentrated in a single cell type"" for PICO -- see end of Section 1"
Methods - Eligibility criteria,5,Report the inclusion/exclusion criteria and their rationale,Yes,"Section 2.1, topic word-list construction and search strategy; Section 5, boundaries of the candidate literature pool's coverage"
Methods - Information sources,6,List all information sources and the date of last search,Yes,"Sections 2.1/2.2; PubMed E-utilities/PMC Cloud Service, see references [7][8]"
Methods - Search strategy,7,Provide the full search strategy for at least one database,Yes,"Section 2.1; 48 process/pathway keywords x ""prognostic signature"" combinations, script `01_pubmed_theme_search.py`"
Methods - Selection process,8,"State the screening method, whether independently duplicated, and whether automated tools were used",Yes (candidly states it was not independently duplicated),Section 2.2: rule-based script scoring/ranking plus single-researcher manual judgment; Section 5 explicitly states this limitation of not being a formal dual-rater design
Methods - Data collection process,9,"State the data-extraction method, whether independently duplicated, and whether automated tools were used",Yes (candidly states it was not independently duplicated),"Section 2.2; Section 5 ""residual error in extraction and attribution"" reports two rounds of independent blind spot-check results (19/20, 14/15 agreement)"
Methods - Data items,10,List all outcomes and other variables extracted,Yes,"Genes/regression coefficients, cancer type, reference dataset, attribution result, FDR, significance, etc. -- see Sections 2.2-2.5 and model_list_282.csv"
Methods - Study risk-of-bias assessment,11,Risk-of-bias assessment method and tool,Adapted,"This study substitutes candidate-pool-tautology screening (Sections 2.5/3.5), coefficient-table duplicate-publication screening (Sections 3.2/5), attribution-algorithm sensitivity testing (Sections 2.4/3.3), and miss-judgment completeness re-review (Section 3.6) for a conventional single-study risk-of-bias tool, because the audit target is the integrity of the modeling pipeline, not the internal validity of any single study"
Methods - Effect measures,12,Effect measure chosen and rationale,Not applicable,No treatment-effect synthesis; the quantitative outcomes are the proportion significantly concentrated and the H1a:H1b ratio
Methods - Synthesis methods,13a-f,Study-synthesis methods (including meta-analysis model choice),Adapted,"Cross-topic meta-analysis (Section 2.5) refers to exact binomial testing + FDR correction + permutation testing, not conventional effect-size pooling (e.g., a random-effects model)"
Methods - Reporting-bias assessment,14,Method for assessing small-study/publication bias,Partially applicable,"The duplicate-publication/mislabeled-cancer-type issue reported in Sections 3.2/4/5 and the systematic flaw in the candidate-pool miss-judgment process are this study's own customized audit of ""literature-ecosystem integrity,"" not a conventional funnel plot/Egger's test"
Methods - Certainty assessment,15,"Method for assessing certainty of evidence (e.g., GRADE)",Not applicable,Not a treatment-efficacy evidence-grading scenario
Results - Study selection,16a-b,"Numbers screened at each stage and reasons, PRISMA flow diagram",Yes,"Figure S1 (this table's companion flow diagram, `fig6_prisma_flow.png`); Section 3.1"
Results - Study characteristics,17,List of characteristics of included studies,Yes,"Supplementary table `model_list_282.csv`/`.md` (282 models, each with PMCID/title/cancer type/gene count, etc.)"
Results - Risk of bias in studies,18,Risk-of-bias results for each study,Adapted,Presented via Table 1 (5 confirmed candidate-pool-tautology cases) + `dataset_attribution_summary_21.csv` (dataset lineage-coverage grading)
Results - Results of individual studies,19,Individual results for each study,Yes,Per-model attribution results in `model_list_282.csv`; per-case comparison in `author_reported_corroboration_table.csv`
Results - Synthesis of results,20a-d,"Results of the synthesis, including heterogeneity",Yes,"Sections 3.5/3.6; `significant_rate_trajectory.csv`, `heterogeneity_pvalue_trajectory.csv`, `wilcoxon_stepwise_summary.csv`"
Results - Reporting biases,21,Results of the reporting-bias assessment,Yes,"Sections 3.2/3.6/4/5, discovery and quantification of the systematic flaw in the miss-judgment process"
Results - Certainty of evidence,22,Conclusions on certainty of evidence,Adapted,"Section 4 presents evidence-strength boundaries via ""seven key qualifications,"" in place of a GRADE summary table"
Discussion,23a-d,"Interpretation of results, limitations, conclusions, implications",Yes,"Section 4, Discussion; Section 5, Limitations; Section 6, Conclusions"
Other information - Registration,24a-c,Systematic-review registration number and any deviations from the protocol,Not applicable (not registered),"This study is not a conventional systematic review and was not pre-registered on a platform such as PROSPERO; the search strategy was iteratively expanded as hit rates declined (Sections 2.1/3.1/5 candidly state this exploratory, non-pre-registered nature)"
Other information - Support,25,Funding sources and role of funders,Yes,Declarations - Funding: Not applicable
Other information - Competing interests,26,Authors' declaration of interests,Yes,Declarations - Competing interests: no competing interests declared
Other information - Availability of data,27,"Availability of data, analysis code, and other materials",Yes,Data and Code Availability section; GitHub repository https://github.com/yunzhennan0431-maker/xx-related-signature-audit
